draw_date,draw_index,jackpot_usd,w1,w2,w3,w4,w5,pb,powerplay
2/3/2010,1,115000000,17,22,36,37,52,24,2
2/6/2010,2,140000000,14,22,52,54,59,4,3
2/10/2010,3,20000000,5,8,29,37,38,34,5
2/13/2010,4,25000000,10,14,30,40,51,1,4
2/17/2010,5,40000000,7,8,19,26,36,15,3
2/20/2010,6,57000000,13,27,37,41,54,32,2
2/24/2010,7,76000000,4,17,35,50,57,12,2
2/27/2010,8,95000000,18,47,51,53,58,30,2
3/3/2010,9,114000000,7,9,14,45,49,23,4
3/6/2010,10,139000000,10,29,33,41,59,15,2
3/10/2010,11,170000000,17,21,37,41,50,1,2
3/13/2010,12,200000000,6,16,20,31,36,8,5
3/17/2010,13,20000000,24,26,45,48,55,8,2
3/20/2010,14,28000000,9,36,39,44,45,9,2
3/24/2010,15,43000000,14,20,24,39,49,7,3
3/27/2010,16,60000000,7,21,32,44,52,10,4
3/31/2010,17,81000000,5,13,17,45,54,12,5
4/3/2010,18,103000000,10,15,31,52,59,4,4
4/7/2010,19,125000000,4,36,40,44,52,33,2
4/10/2010,20,150000000,21,22,49,52,58,34,2
4/14/2010,21,175000000,6,14,32,38,52,20,3
4/17/2010,22,212000000,5,21,22,41,49,15,5
4/21/2010,23,252000000,11,34,41,49,55,20,2
4/24/2010,24,20000000,1,12,53,56,57,5,2
4/28/2010,25,30000000,12,22,25,28,44,24,4
5/1/2010,26,45000000,16,23,25,49,58,20,4
5/5/2010,27,60000000,13,34,40,47,57,11,4
5/8/2010,28,80000000,5,22,34,41,57,31,5
5/12/2010,29,97000000,37,51,52,53,58,38,2
5/15/2010,30,120000000,15,21,23,28,36,20,2
5/19/2010,31,145000000,2,7,29,55,58,27,3
5/22/2010,32,170000000,19,20,40,47,57,29,2
5/26/2010,33,190000000,1,6,10,13,20,32,4
5/29/2010,34,220000000,1,3,24,28,41,10,4
6/2/2010,35,260000000,4,9,14,39,43,38,4
6/5/2010,36,20000000,18,34,40,48,59,25,4
6/9/2010,37,28000000,14,22,27,32,49,5,4
6/12/2010,38,44000000,9,12,13,35,38,30,10
6/16/2010,39,60000000,8,11,18,29,36,6,5
6/19/2010,40,78000000,9,30,31,50,54,39,3
6/23/2010,41,97000000,11,30,45,47,48,10,3
6/26/2010,42,20000000,13,30,32,38,57,25,4
6/30/2010,43,27000000,6,38,43,47,48,27,5
7/3/2010,44,41000000,3,10,14,52,53,3,3
7/7/2010,45,54000000,10,41,44,48,56,4,2
7/10/2010,46,72000000,20,21,27,28,56,4,4
7/14/2010,47,20000000,20,21,23,38,42,6,3
7/17/2010,48,27000000,22,27,35,37,45,3,4
7/21/2010,49,37000000,16,22,30,51,58,25,3
7/24/2010,50,52000000,20,30,38,46,59,27,2
7/28/2010,51,67000000,1,11,20,25,27,2,5
7/31/2010,52,85000000,1,16,17,41,57,15,3
8/4/2010,53,20000000,19,28,30,37,53,36,4
8/7/2010,54,25000000,4,22,26,31,52,30,5
8/11/2010,55,38000000,7,10,22,23,52,29,2
8/14/2010,56,51000000,9,33,36,50,58,31,2
8/18/2010,57,64000000,4,32,33,47,55,39,3
8/21/2010,58,80000000,7,10,12,22,27,26,2
8/25/2010,59,20000000,16,17,29,31,36,23,3
8/28/2010,60,25000000,4,22,27,32,56,13,4
9/1/2010,61,34000000,17,20,21,40,51,19,3
9/4/2010,62,47000000,11,14,22,33,42,38,2
9/8/2010,63,62000000,10,35,39,51,57,20,5
9/11/2010,64,79000000,7,17,20,36,59,33,4
9/15/2010,65,94000000,7,20,21,34,43,34,5
9/18/2010,66,112000000,1,18,37,39,44,13,4
9/22/2010,67,20000000,10,24,36,52,55,15,5
9/25/2010,68,25000000,8,16,27,35,42,30,2
9/29/2010,69,35000000,13,44,51,52,55,30,4
10/2/2010,70,48000000,12,20,30,36,47,25,4
10/6/2010,71,60000000,14,26,37,41,46,24,5
10/9/2010,72,20000000,2,6,32,42,49,35,3
10/13/2010,73,25000000,12,22,32,34,46,2,4
10/16/2010,74,34000000,11,12,15,16,28,11,2
10/20/2010,75,46000000,7,17,20,39,59,17,3
10/23/2010,76,59000000,2,7,16,20,46,34,4
10/27/2010,77,72000000,20,24,25,53,59,15,5
10/30/2010,78,87000000,1,7,27,36,49,39,5
11/3/2010,79,104000000,34,38,39,45,50,33,2
11/6/2010,80,123000000,7,12,23,34,38,33,4
11/10/2010,81,20000000,5,8,11,40,44,10,4
11/13/2010,82,25000000,17,30,48,51,54,29,5
11/17/2010,83,35000000,14,16,53,54,59,5,3
11/20/2010,84,50000000,10,12,38,53,57,1,5
11/24/2010,85,64000000,8,20,21,32,37,4,3
11/27/2010,86,79000000,10,30,37,47,54,39,5
12/1/2010,87,95000000,5,10,11,12,20,2,3
12/4/2010,88,20000000,13,24,27,31,42,22,5
12/8/2010,89,25000000,8,11,25,41,58,16,4
12/11/2010,90,37000000,1,8,10,19,20,23,2
12/15/2010,91,20000000,10,11,18,32,45,18,5
12/18/2010,92,25000000,4,11,19,33,43,14,4
12/22/2010,93,35000000,11,33,44,46,47,12,2
12/25/2010,94,46000000,1,17,38,50,52,24,2
12/29/2010,95,20000000,3,16,18,20,37,30,2
1/1/2011,96,25000000,18,22,37,47,54,36,2
1/5/2011,97,34000000,22,26,32,38,40,7,5
1/8/2011,98,51000000,6,7,26,33,52,24,2
1/12/2011,99,67000000,19,21,23,40,48,27,4
1/15/2011,100,82000000,9,13,22,23,37,31,3
1/19/2011,101,96000000,22,36,51,56,59,32,3
1/22/2011,102,118000000,30,31,34,45,51,23,2
1/26/2011,103,20000000,4,5,36,47,58,6,3
1/29/2011,104,25000000,24,28,45,49,52,2,4
2/2/2011,105,35000000,3,14,33,53,57,36,4
2/5/2011,106,50000000,15,37,41,56,59,5,5
2/9/2011,107,63000000,7,11,39,42,51,30,4
2/12/2011,108,82000000,11,32,36,48,52,19,4
2/16/2011,109,101000000,9,13,21,23,48,24,2
2/19/2011,110,126000000,3,12,34,37,42,36,5
2/23/2011,111,155000000,29,32,36,39,49,29,3
2/26/2011,112,184000000,4,13,17,21,45,10,5
3/2/2011,113,20000000,7,31,50,51,58,6,2
3/5/2011,114,25000000,2,23,31,42,48,21,2
3/9/2011,115,40000000,12,20,28,40,48,8,2
3/12/2011,116,54000000,1,4,12,41,47,3,4
3/16/2011,117,67000000,28,39,40,48,53,9,3
3/19/2011,118,85000000,3,11,20,27,46,8,2
3/23/2011,119,101000000,5,15,26,28,32,9,2
3/26/2011,120,125000000,4,10,11,19,33,27,4
3/30/2011,121,153000000,19,20,42,56,58,37,4
4/2/2011,122,187000000,6,22,34,43,45,23,2
4/6/2011,123,218000000,10,18,41,55,56,15,2
4/9/2011,124,20000000,5,14,32,53,56,11,4
4/13/2011,125,27000000,4,23,39,49,50,39,3
4/16/2011,126,43000000,21,33,44,45,55,7,5
4/20/2011,127,56000000,9,24,34,36,43,27,3
4/23/2011,128,72000000,3,11,47,48,58,19,3
4/27/2011,129,20000000,4,24,40,44,55,5,2
4/30/2011,130,25000000,6,13,15,32,41,3,2
5/4/2011,131,36000000,3,15,27,29,41,24,4
5/7/2011,132,50000000,2,11,27,47,55,15,4
5/11/2011,133,65000000,9,17,32,43,45,31,3
5/14/2011,134,81000000,8,17,18,40,44,16,2
5/18/2011,135,97000000,7,12,13,42,49,16,4
5/21/2011,136,120000000,2,8,40,49,50,36,3
5/25/2011,137,144000000,4,23,31,42,50,23,2
5/28/2011,138,171000000,12,20,43,51,55,11,4
6/1/2011,139,200000000,8,18,38,46,56,31,4
6/4/2011,140,20000000,17,19,39,41,58,21,5
6/8/2011,141,25000000,14,37,44,45,53,29,5
6/11/2011,142,20000000,16,18,27,36,50,8,3
6/15/2011,143,25000000,19,20,38,41,43,29,4
6/18/2011,144,36000000,12,21,22,38,41,18,2
6/22/2011,145,48000000,12,15,19,46,59,12,4
6/25/2011,146,63000000,18,36,39,41,57,12,4
6/29/2011,147,76000000,24,30,45,57,59,26,3
7/2/2011,148,20000000,1,11,18,29,51,32,3
7/6/2011,149,25000000,11,15,24,50,55,8,2
7/9/2011,150,36000000,1,9,11,23,31,6,3
7/13/2011,151,48000000,8,18,19,32,54,8,4
7/16/2011,152,61000000,24,28,48,50,54,25,3
7/20/2011,153,76000000,1,4,38,40,42,17,4
7/23/2011,154,92000000,1,7,27,38,48,30,3
7/27/2011,155,111000000,38,40,41,51,59,33,2
7/30/2011,156,133000000,20,40,41,47,55,19,2
8/3/2011,157,160000000,13,19,21,28,49,11,2
8/6/2011,158,180000000,25,30,54,57,59,6,3
8/10/2011,159,220000000,11,18,36,41,46,38,4
8/13/2011,160,20000000,9,12,35,50,58,4,2
8/17/2011,161,25000000,18,28,31,48,52,37,4
8/20/2011,162,37000000,2,17,23,28,47,36,2
8/24/2011,163,47000000,9,13,47,49,53,39,5
8/27/2011,164,61000000,2,12,25,54,58,14,3
8/31/2011,165,75000000,13,19,35,47,57,29,5
9/3/2011,166,91000000,15,25,52,53,54,2,5
9/7/2011,167,107000000,3,5,18,27,54,13,4
9/10/2011,168,20000000,4,19,22,32,53,24,4
9/14/2011,169,25000000,16,41,42,50,59,5,3
9/17/2011,170,20000000,6,20,22,32,43,11,2
9/21/2011,171,25000000,12,47,48,52,55,13,4
9/24/2011,172,30000000,3,4,12,27,44,26,5
9/28/2011,173,37000000,30,41,50,51,53,8,2
10/1/2011,174,47000000,1,12,23,27,43,31,3
10/5/2011,175,58000000,7,20,43,46,54,17,4
10/8/2011,176,71000000,3,27,35,37,45,31,5
10/12/2011,177,86000000,10,12,23,43,47,18,3
10/15/2011,178,105000000,5,10,24,38,43,1,4
10/19/2011,179,124000000,16,26,35,52,58,2,5
10/22/2011,180,148000000,3,8,23,30,58,13,4
10/26/2011,181,173000000,1,18,21,39,55,6,3
10/29/2011,182,203000000,11,16,40,51,56,38,5
11/2/2011,183,245000000,12,14,34,39,46,36,4
11/5/2011,184,20000000,2,33,39,40,43,26,3
11/9/2011,185,25000000,5,35,57,58,59,12,3
11/12/2011,186,35000000,4,35,36,51,56,8,5
11/16/2011,187,46000000,13,22,25,39,51,28,2
11/19/2011,188,60000000,9,16,17,28,30,11,3
11/23/2011,189,20000000,4,30,35,57,59,25,2
11/26/2011,190,25000000,20,37,39,45,55,28,2
11/30/2011,191,31000000,2,6,34,35,47,22,2
12/3/2011,192,40000000,5,18,33,43,45,8,3
12/7/2011,193,52000000,3,14,20,39,40,37,2
12/10/2011,194,67000000,4,19,33,41,59,9,5
12/14/2011,195,78000000,2,24,46,52,56,19,5
12/17/2011,196,91000000,13,28,49,51,59,33,4
12/21/2011,197,104000000,10,13,15,31,54,18,5
12/24/2011,198,125000000,14,16,30,51,52,19,2
12/28/2011,199,20000000,16,21,27,41,45,14,2
12/31/2011,200,25000000,5,23,25,28,40,34,4
1/4/2012,201,30000000,21,35,46,47,50,2,4
1/7/2012,202,44000000,3,21,24,38,39,24,5
1/11/2012,203,54000000,5,19,29,45,47,25,2
1/14/2012,204,66000000,10,30,36,38,41,1,5
1/18/2012,205,80000000,6,29,34,44,50,28,
1/21/2012,206,100000000,12,24,43,44,45,7,
1/25/2012,207,120000000,4,19,28,29,47,5,
1/28/2012,208,146000000,5,33,41,54,59,13,
2/1/2012,209,170000000,8,13,17,34,59,35,
2/4/2012,210,200000000,15,23,43,45,56,7,
2/8/2012,211,250000000,17,28,38,39,51,33,
2/11/2012,212,325000000,1,10,37,52,57,11,
2/15/2012,213,40000000,11,12,32,52,56,11,
2/18/2012,214,50000000,23,28,50,56,59,5,
2/22/2012,215,60000000,7,16,17,39,51,32,
2/25/2012,216,70000000,6,11,42,53,54,7,
2/29/2012,217,40000000,1,4,11,23,26,14,
3/3/2012,218,50000000,29,30,45,47,49,35,
3/7/2012,219,60000000,12,35,45,46,47,12,
3/10/2012,220,40000000,5,14,17,20,41,5,
3/14/2012,221,50000000,1,8,41,46,59,24,
3/17/2012,222,60000000,11,14,49,55,58,30,
3/21/2012,223,70000000,32,43,53,55,56,6,
3/24/2012,224,40000000,1,15,35,37,47,8,
3/28/2012,225,50000000,11,16,29,50,58,33,
3/31/2012,226,60000000,5,14,36,54,58,27,
4/4/2012,227,70000000,1,24,33,45,49,6,
4/7/2012,228,80000000,5,13,17,20,30,18,
4/11/2012,229,94000000,16,23,42,44,47,2,
4/14/2012,230,113000000,14,15,16,19,24,2,
4/18/2012,231,131000000,20,22,39,46,49,29,
4/21/2012,232,152000000,6,8,20,42,51,16,
4/25/2012,233,173000000,4,25,29,34,43,29,
4/28/2012,234,40000000,31,39,40,57,58,33,
5/2/2012,235,50000000,7,8,33,38,50,29,
5/5/2012,236,60000000,9,12,20,44,59,23,
5/9/2012,237,70000000,1,7,11,55,56,1,
5/12/2012,238,80000000,10,24,35,53,58,22,
5/16/2012,239,90000000,3,7,21,28,43,2,
5/19/2012,240,100000000,8,13,35,46,51,30,
5/23/2012,241,110000000,4,7,26,53,59,32,
5/26/2012,242,128000000,13,14,41,49,59,14,
5/30/2012,243,146000000,9,10,24,52,56,14,
6/2/2012,244,164000000,9,10,17,29,45,33,
6/6/2012,245,177000000,19,30,33,48,59,27,
6/9/2012,246,205000000,18,22,45,56,57,27,
6/13/2012,247,240000000,7,10,14,33,57,18,
6/16/2012,248,40000000,8,14,15,16,27,26,
6/20/2012,249,50000000,11,17,29,56,57,14,
6/23/2012,250,60000000,1,3,41,44,53,30,
6/27/2012,251,40000000,6,34,40,46,58,6,
6/30/2012,252,50000000,7,15,20,41,44,22,
7/4/2012,253,60000000,14,19,35,39,56,33,
7/7/2012,254,70000000,3,5,29,39,59,29,
7/11/2012,255,80000000,5,22,36,49,55,23,
7/14/2012,256,90000000,4,16,32,37,46,13,
7/18/2012,257,100000000,2,5,20,23,57,3,
7/21/2012,258,110000000,9,31,38,54,56,20,
7/25/2012,259,121000000,3,14,35,38,46,16,
7/28/2012,260,139000000,5,6,13,36,50,13,
8/1/2012,261,158000000,3,16,48,56,58,4,
8/4/2012,262,181000000,19,30,48,53,55,18,
8/8/2012,263,212000000,3,7,11,15,28,12,
8/11/2012,264,253000000,4,13,39,46,51,1,
8/15/2012,265,320000000,6,27,46,51,56,21,
8/18/2012,266,40000000,14,26,41,55,59,1,
8/22/2012,267,50000000,22,29,31,47,55,19,
8/25/2012,268,60000000,1,6,7,20,49,23,
8/29/2012,269,70000000,25,28,49,54,56,28,
9/1/2012,270,80000000,8,11,21,44,49,22,
9/5/2012,271,90000000,4,19,26,42,51,29,
9/8/2012,272,100000000,6,20,34,44,48,29,
9/12/2012,273,110000000,24,33,36,48,56,6,
9/15/2012,274,125000000,3,20,26,43,48,1,
9/19/2012,275,149000000,1,5,8,39,50,23,
9/22/2012,276,174000000,2,16,18,40,42,33,
9/26/2012,277,200000000,13,26,39,41,42,10,
9/29/2012,278,40000000,14,18,28,29,57,8,
10/3/2012,279,50000000,17,23,36,55,59,10,
10/6/2012,280,40000000,15,26,34,36,59,35,
10/10/2012,281,50000000,18,26,29,35,43,28,
10/13/2012,282,60000000,2,5,25,26,49,18,
10/17/2012,283,70000000,1,7,10,23,42,35,
10/20/2012,284,80000000,4,21,28,31,44,10,
10/24/2012,285,90000000,3,18,21,23,50,4,
10/27/2012,286,100000000,22,32,34,36,56,33,
10/31/2012,287,110000000,1,27,31,45,48,5,
11/3/2012,288,124000000,4,7,9,30,54,25,
11/7/2012,289,143000000,32,34,45,52,58,20,
11/10/2012,290,168000000,32,42,50,54,55,32,
11/14/2012,291,185000000,8,10,30,44,58,13,
11/17/2012,292,214000000,3,15,27,58,59,20,
11/21/2012,293,250000000,8,18,24,30,39,26,
11/24/2012,294,325000000,22,32,37,44,50,34,
11/28/2012,295,550000000,5,16,22,23,29,6,
12/1/2012,296,40000000,3,10,19,36,46,3,
12/5/2012,297,50000000,13,17,19,27,38,12,
12/8/2012,298,40000000,7,23,26,40,53,21,
12/12/2012,299,50000000,8,10,25,36,44,28,
12/15/2012,300,40000000,15,23,40,44,55,14,
12/19/2012,301,50000000,5,8,20,23,30,3,
12/22/2012,302,40000000,1,18,35,39,44,11,
12/26/2012,303,50000000,11,13,23,43,54,4,
12/29/2012,304,40000000,36,46,50,52,55,14,
1/2/2013,305,50000000,18,20,28,35,53,20,
1/5/2013,306,60000000,26,30,49,51,54,25,
1/9/2013,307,70000000,11,13,20,27,59,26,
1/12/2013,308,80000000,10,14,21,23,47,7,
1/16/2013,309,90000000,9,21,28,32,51,35,
1/19/2013,310,100000000,8,28,29,34,38,35,
1/23/2013,311,110000000,11,12,24,43,45,9,
1/26/2013,312,130000000,3,22,26,41,49,18,
1/30/2013,313,151000000,14,16,32,47,52,16,
2/2/2013,314,176000000,11,16,33,40,41,34,
2/6/2013,315,208000000,5,27,36,38,41,12,
2/9/2013,316,40000000,5,6,16,36,58,3,
2/13/2013,317,50000000,12,23,25,27,43,29,
2/16/2013,318,60000000,15,16,46,50,58,29,
2/20/2013,319,70000000,3,17,19,25,32,17,
2/23/2013,320,80000000,2,5,31,39,41,29,
2/27/2013,321,90000000,3,14,20,34,48,21,
3/2/2013,322,103000000,3,8,13,41,56,16,
3/6/2013,323,123000000,6,10,23,41,45,1,
3/9/2013,324,150000000,10,37,40,46,52,12,
3/13/2013,325,183000000,5,9,28,32,38,29,
3/16/2013,326,216000000,3,7,21,44,53,16,
3/20/2013,327,260000000,13,14,17,43,54,15,
3/23/2013,328,320000000,17,29,31,52,53,31,
3/27/2013,329,40000000,7,37,43,48,52,16,
3/30/2013,330,50000000,11,23,26,46,55,27,
4/3/2013,331,40000000,1,6,8,12,35,3,
4/6/2013,332,50000000,4,7,8,29,39,24,
4/10/2013,333,60000000,1,36,40,52,53,20,
4/13/2013,334,70000000,10,12,31,56,57,33,
4/17/2013,335,80000000,13,18,36,48,58,28,
4/20/2013,336,95000000,6,8,30,39,48,20,
4/24/2013,337,116000000,9,19,31,56,59,2,
4/27/2013,338,140000000,3,23,48,54,55,5,
5/1/2013,339,165000000,22,26,31,54,55,18,
5/4/2013,340,191000000,7,12,26,36,40,17,
5/8/2013,341,222000000,21,22,26,30,57,27,
5/11/2013,342,270000000,6,13,19,23,43,16,
5/15/2013,343,360000000,2,11,26,34,41,32,
5/18/2013,344,600000000,10,13,14,22,52,11,
5/22/2013,345,40000000,9,31,35,41,57,26,
5/25/2013,346,50000000,2,6,19,21,27,25,
5/29/2013,347,40000000,9,14,17,49,57,2,
6/1/2013,348,40000000,22,28,33,53,59,14,
6/5/2013,349,50000000,4,26,33,36,55,32,
6/8/2013,350,60000000,2,11,22,26,32,19,
6/12/2013,351,70000000,16,22,23,42,55,32,
6/15/2013,352,85000000,28,36,40,48,55,1,
6/19/2013,353,105000000,7,46,47,52,57,17,
6/22/2013,354,127000000,13,19,23,33,57,28,
6/26/2013,355,40000000,1,18,33,39,46,33,
6/29/2013,356,50000000,8,28,30,53,56,16,
7/3/2013,357,60000000,3,6,29,40,51,4,
7/6/2013,358,70000000,2,13,35,36,52,11,
7/10/2013,359,80000000,30,31,45,55,59,27,
7/13/2013,360,94000000,2,8,22,35,37,6,
7/17/2013,361,116000000,1,22,34,38,42,17,
7/20/2013,362,141000000,14,25,27,38,58,6,
7/24/2013,363,166000000,9,29,40,44,54,7,
7/27/2013,364,196000000,9,23,40,53,58,6,
7/31/2013,365,235000000,8,24,39,49,59,5,
8/3/2013,366,300000000,21,24,36,42,45,15,
8/7/2013,367,425000000,5,25,30,58,59,32,
8/10/2013,368,40000000,4,12,14,37,58,13,
8/14/2013,369,50000000,4,11,17,43,51,20,
8/17/2013,370,60000000,18,21,46,54,56,23,
8/21/2013,371,70000000,30,40,42,46,48,23,
8/24/2013,372,92000000,12,17,25,45,59,19,
8/28/2013,373,116000000,6,7,9,19,32,13,
8/31/2013,374,142000000,2,7,25,40,56,20,
9/4/2013,375,169000000,2,9,26,45,47,11,
9/7/2013,376,203000000,2,19,22,26,45,24,
9/11/2013,377,245000000,11,19,33,42,52,33,
9/14/2013,378,317000000,1,17,25,37,44,20,
9/18/2013,379,400000000,7,10,22,32,35,19,
9/21/2013,380,40000000,12,17,45,54,58,13,
9/25/2013,381,50000000,2,7,17,49,53,23,
9/28/2013,382,60000000,14,47,52,53,54,5,
10/2/2013,383,70000000,4,6,25,42,51,17,
10/5/2013,384,86000000,11,12,17,39,40,5,
10/9/2013,385,108000000,3,9,19,33,38,18,
10/12/2013,386,133000000,8,10,26,57,58,4,
10/16/2013,387,156000000,3,26,28,34,42,28,
10/19/2013,388,186000000,9,33,54,56,57,5,
10/23/2013,389,216000000,3,23,31,34,47,13,
10/26/2013,390,40000000,4,6,34,49,56,29,
10/30/2013,391,50000000,2,36,40,49,54,10,
11/2/2013,392,60000000,13,23,24,27,40,17,
11/6/2013,393,70000000,1,5,10,15,49,22,
11/9/2013,394,87000000,3,9,37,49,56,32,
11/13/2013,395,110000000,5,31,50,55,56,9,
11/16/2013,396,130000000,10,29,37,44,59,10,
11/20/2013,397,40000000,4,18,23,32,45,7,
11/23/2013,398,50000000,5,12,43,52,55,10,
11/27/2013,399,60000000,18,25,50,55,57,17,
11/30/2013,400,70000000,5,26,44,45,57,29,
12/4/2013,401,81000000,6,9,11,31,44,25,
12/7/2013,402,100000000,13,20,32,45,48,17,
12/11/2013,403,122000000,1,10,13,18,19,27,
12/14/2013,404,40000000,14,25,32,33,41,34,
12/18/2013,405,50000000,7,24,37,39,40,1,
12/21/2013,406,60000000,25,36,40,45,51,8,
12/25/2013,407,74000000,23,28,38,39,56,32,
12/28/2013,408,40000000,8,35,44,51,56,18,
1/1/2014,409,50000000,15,24,40,48,52,23,
1/4/2014,410,60000000,19,20,37,41,58,14,
1/8/2014,411,70000000,10,28,39,47,58,22,
1/11/2014,412,80000000,10,15,33,48,54,34,
1/15/2014,413,93000000,7,8,9,24,29,25,
1/18/2014,414,113000000,13,14,19,31,38,25,
1/22/2014,415,131000000,1,2,7,9,55,29,3
1/25/2014,416,152000000,8,12,18,55,57,2,2
1/29/2014,417,171000000,11,23,28,32,47,20,2
2/1/2014,418,194000000,5,12,15,27,38,7,2
2/5/2014,419,215000000,8,17,32,57,59,24,3
2/8/2014,420,247000000,24,25,34,37,54,29,2
2/12/2014,421,284000000,36,44,49,52,57,1,2
2/15/2014,422,330000000,2,9,14,21,23,3,3
2/19/2014,423,400000000,1,17,35,49,54,34,3
2/22/2014,424,40000000,2,3,13,14,54,4,5
2/26/2014,425,50000000,11,12,17,38,42,2,2
3/1/2014,426,60000000,3,8,25,30,47,13,4
3/5/2014,427,40000000,3,7,9,26,54,19,2
3/8/2014,428,50000000,10,14,24,32,41,30,2
3/12/2014,429,60000000,14,15,28,37,54,10,2
3/15/2014,430,70000000,2,5,34,51,58,9,4
3/19/2014,431,80000000,2,19,23,34,43,14,2
3/22/2014,432,96000000,13,28,31,55,58,15,2
3/26/2014,433,40000000,28,33,41,44,59,21,2
3/29/2014,434,50000000,2,3,12,27,38,17,2
4/2/2014,435,60000000,8,13,19,22,53,24,2
4/5/2014,436,70000000,11,21,26,33,34,29,5
4/9/2014,437,80000000,9,14,44,48,49,29,2
4/12/2014,438,94000000,14,26,45,54,55,20,2
4/16/2014,439,110000000,34,39,42,44,59,8,3
4/19/2014,440,128000000,5,6,29,35,51,21,5
4/23/2014,441,150000000,19,25,29,36,48,12,4
4/26/2014,442,40000000,3,7,22,30,33,20,3
4/30/2014,443,50000000,2,9,11,19,50,32,3
5/3/2014,444,60000000,5,15,16,46,49,26,4
5/7/2014,445,70000000,17,29,31,48,49,34,2
5/10/2014,446,80000000,4,31,41,47,55,1,2
5/14/2014,447,90000000,7,33,39,52,55,33,3
5/17/2014,448,100000000,23,32,39,47,49,22,3
5/21/2014,449,114000000,4,20,34,39,58,31,5
5/24/2014,450,132000000,15,16,28,49,55,18,2
5/28/2014,451,152000000,2,24,28,32,59,25,3
5/31/2014,452,173000000,15,27,31,34,48,1,2
6/4/2014,453,192000000,1,7,10,22,49,24,3
6/7/2014,454,221000000,28,30,35,58,59,15,2
6/11/2014,455,257000000,14,18,25,33,49,23,5
6/14/2014,456,40000000,9,33,42,45,54,30,3
6/18/2014,457,50000000,6,9,29,52,59,7,3
6/21/2014,458,60000000,5,6,37,41,54,26,3
6/25/2014,459,70000000,10,20,25,50,53,35,4
7/2/2014,460,90000000,8,18,45,53,58,35,2
7/5/2014,461,101000000,24,34,36,57,58,11,4
7/9/2014,462,122000000,9,25,42,55,57,14,2
7/12/2014,463,40000000,2,3,7,23,51,26,2
7/16/2014,464,50000000,5,15,18,26,32,35,3
7/19/2014,465,60000000,10,17,25,45,53,9,2
7/23/2014,466,40000000,4,10,12,22,31,3,5
7/26/2014,467,50000000,24,28,30,38,39,16,2
7/30/2014,468,60000000,13,30,42,49,53,29,3
8/2/2014,469,70000000,12,26,44,46,47,29,2
8/6/2014,470,80000000,1,8,24,28,49,24,5
8/9/2014,471,90000000,3,12,31,34,51,24,2
8/13/2014,472,40000000,8,37,39,40,52,24,2
8/16/2014,473,50000000,7,8,17,48,59,9,2
8/20/2014,474,60000000,4,8,21,38,40,3,2
8/23/2014,475,70000000,28,32,35,36,52,31,3
8/27/2014,476,80000000,17,24,26,45,46,19,3
8/30/2014,477,90000000,5,28,31,52,59,27,2
9/3/2014,478,100000000,2,16,43,45,51,35,3
9/6/2014,479,110000000,9,29,31,43,50,18,2
9/10/2014,480,127000000,2,14,39,40,43,13,5
9/13/2014,481,149000000,1,6,16,37,53,27,3
9/17/2014,482,171000000,18,25,36,48,50,23,2
9/20/2014,483,196000000,22,23,30,37,39,16,4
9/24/2014,484,225000000,7,14,21,24,41,26,4
9/27/2014,485,40000000,2,11,35,52,54,13,3
10/1/2014,486,50000000,1,4,18,20,45,7,2
10/4/2014,487,60000000,13,18,24,25,33,31,2
10/8/2014,488,70000000,5,16,31,46,50,18,3
10/11/2014,489,80000000,10,19,37,38,39,28,2
10/15/2014,490,90000000,5,7,19,27,28,20,2
10/18/2014,491,100000000,20,26,27,36,54,19,2
10/22/2014,492,110000000,29,30,40,42,50,16,2
10/25/2014,493,125000000,6,10,51,54,57,12,2
10/29/2014,494,142000000,25,28,48,57,59,16,3
11/1/2014,495,159000000,1,3,13,25,38,17,2
11/5/2014,496,178000000,2,11,19,21,42,34,3
11/8/2014,497,203000000,9,19,33,38,54,15,3
11/12/2014,498,40000000,37,39,51,52,55,11,3
11/15/2014,499,50000000,13,16,33,35,51,28,2
11/19/2014,500,60000000,6,36,38,48,51,17,2
11/22/2014,501,70000000,23,49,53,54,57,35,2
11/26/2014,502,80000000,16,17,22,46,54,35,5
11/29/2014,503,90000000,13,24,30,42,48,27,2
12/3/2014,504,40000000,25,30,32,46,54,26,3
12/6/2014,505,50000000,12,15,22,43,49,14,2
12/10/2014,506,60000000,34,44,48,54,55,10,2
12/13/2014,507,70000000,5,13,28,43,55,33,3
12/17/2014,508,80000000,22,31,38,47,48,15,3
12/20/2014,509,90000000,14,15,19,31,56,5,5
12/24/2014,510,100000000,11,12,46,47,50,22,4
12/27/2014,511,110000000,7,10,11,14,36,15,2
12/31/2014,512,120000000,17,27,37,40,53,35,2
1/3/2015,513,131000000,18,55,46,43,4,25,3
1/7/2015,514,146000000,14,15,59,49,47,10,2
1/10/2015,515,162000000,28,2,29,9,19,19,5
1/14/2015,516,176000000,41,2,53,4,10,22,5
1/17/2015,517,194000000,16,36,23,27,15,9,2
1/21/2015,518,208000000,11,15,28,12,57,23,4
1/24/2015,519,230000000,29,33,20,16,19,10,2
1/28/2015,520,261000000,35,36,12,24,49,1,5
1/31/2015,521,289000000,26,11,50,5,16,34,2
2/4/2015,522,317000000,56,24,36,52,51,22,2
2/7/2015,523,380000000,10,21,5,58,34,33,5
2/11/2015,524,500000000,39,13,54,11,25,19,3
2/14/2015,525,40000000,51,24,1,45,44,28,2
2/18/2015,526,50000000,32,9,49,1,29,22,2
2/21/2015,527,60000000,10,34,14,51,18,26,2
2/25/2015,528,70000000,19,32,21,17,39,8,3
2/28/2015,529,80000000,46,17,11,28,25,12,2
3/4/2015,530,90000000,50,12,15,35,8,32,2
3/7/2015,531,100000000,34,38,36,42,50,33,4
3/11/2015,532,119000000,40,11,31,44,24,27,2
3/14/2015,533,137000000,39,14,8,47,46,18,2
3/18/2015,534,40000000,14,25,33,47,30,8,2
3/21/2015,535,50000000,42,11,16,38,30,7,4
3/25/2015,536,40000000,50,7,19,23,54,14,2
3/28/2015,537,40000000,6,4,12,2,38,17,3
4/1/2015,538,50000000,2,33,30,39,44,1,3
4/4/2015,539,60000000,40,54,39,33,41,28,3
4/8/2015,540,70000000,46,58,45,19,1,29,2
4/11/2015,541,80000000,12,42,32,1,58,12,2
4/15/2015,542,40000000,40,16,29,21,1,30,3
4/18/2015,543,50000000,29,23,13,22,31,17,3
4/22/2015,544,40000000,53,39,14,10,25,18,2
4/25/2015,545,50000000,38,33,35,21,45,12,2
4/29/2015,546,60000000,51,34,38,1,26,6,3
5/2/2015,547,70000000,30,11,6,31,2,33,3
5/6/2015,548,80000000,27,23,39,41,24,30,5
5/9/2015,549,90000000,15,35,17,4,58,17,3
5/13/2015,550,100000000,25,47,1,29,31,7,3
5/16/2015,551,110000000,29,52,38,24,48,32,2
5/20/2015,552,121000000,35,28,44,1,12,25,3
5/23/2015,553,138000000,15,17,43,9,31,16,4
5/27/2015,554,154000000,53,34,59,15,8,23,2
5/30/2015,555,171000000,9,56,8,25,57,22,2
6/3/2015,556,188000000,8,13,37,40,6,11,2
6/6/2015,557,40000000,27,8,13,43,18,15,4
6/10/2015,558,50000000,48,53,31,32,49,25,2
6/13/2015,559,60000000,48,54,52,29,41,29,2
6/17/2015,560,70000000,41,54,21,20,22,7,3
6/20/2015,561,80000000,9,57,10,16,20,15,2
6/24/2015,562,40000000,32,22,3,10,5,7,4
6/27/2015,563,50000000,28,49,46,18,35,27,5
7/1/2015,564,60000000,7,26,31,41,24,25,2
7/4/2015,565,70000000,14,3,6,18,24,21,3
7/8/2015,566,40000000,4,15,25,27,30,18,3
7/11/2015,567,50000000,54,11,52,39,46,3,2
7/15/2015,568,60000000,16,50,13,34,45,11,2
7/18/2015,569,70000000,55,45,37,6,39,33,3
7/22/2015,570,80000000,43,44,57,12,31,11,2
7/25/2015,571,90000000,34,29,41,44,27,2,3
7/29/2015,572,100000000,28,27,22,52,4,35,3
8/1/2015,573,110000000,57,24,49,7,13,15,3
8/5/2015,574,40000000,11,16,9,14,42,19,2
8/8/2015,575,50000000,9,52,54,48,34,15,4
8/12/2015,576,60000000,52,13,8,38,29,28,2
8/15/2015,577,70000000,42,52,13,17,3,24,4
8/19/2015,578,80000000,8,50,48,43,6,7,2
8/22/2015,579,90000000,55,4,21,14,12,7,4
8/26/2015,580,100000000,32,45,2,56,22,12,5
8/29/2015,581,110000000,28,21,29,18,25,16,2
9/2/2015,582,120000000,56,30,22,46,17,16,3
9/5/2015,583,133000000,45,16,18,10,29,19,2
9/9/2015,584,149000000,47,51,45,44,50,8,2
9/12/2015,585,167000000,13,2,16,3,35,27,3
9/16/2015,586,185000000,31,24,39,5,7,7,3
9/19/2015,587,208000000,48,26,17,43,12,24,2
9/23/2015,588,235000000,41,58,51,29,8,5,2
9/26/2015,589,267000000,50,31,42,57,23,5,3
9/30/2015,590,301000000,55,39,21,59,40,17,3
10/3/2015,591,40000000,26,44,46,33,6,4,2
10/7/2015,592,50000000,52,40,48,18,30,9,3
10/10/2015,593,60000000,27,68,12,43,29,1,2
10/14/2015,594,70000000,20,15,31,40,29,1,2
10/17/2015,595,80000000,57,62,69,49,48,19,3
10/21/2015,596,90000000,57,32,30,42,56,11,4
10/24/2015,597,100000000,20,31,56,64,60,2,3
10/28/2015,598,110000000,56,62,54,63,4,10,2
10/31/2015,599,127000000,9,47,20,25,68,7,2
11/4/2015,600,142000000,12,2,17,20,65,17,4
11/7/2015,601,40000000,50,53,7,16,25,15,2
11/11/2015,602,50000000,26,4,32,55,64,18,3
11/14/2015,603,60000000,66,37,22,14,45,5,3
11/18/2015,604,70000000,40,17,46,69,41,6,2
11/21/2015,605,80000000,37,57,47,50,52,21,3
11/25/2015,606,90000000,53,16,69,58,29,21,2
11/28/2015,607,100000000,47,2,66,67,6,2,3
12/2/2015,608,110000000,14,18,19,64,32,9,2
12/5/2015,609,127000000,47,33,68,27,13,13,2
12/9/2015,610,145000000,16,46,10,56,7,1,2
12/12/2015,611,164000000,62,2,30,19,14,22,2
12/16/2015,612,180000000,9,42,10,55,32,6,2
12/19/2015,613,202000000,30,68,59,41,28,10,2
12/23/2015,614,227000000,67,16,63,38,55,25,4
12/26/2015,615,255000000,65,40,44,59,27,20,2
12/30/2015,616,300000000,12,61,54,38,36,22,3
1/2/2016,617,334000000,42,15,6,5,29,10,2
1/6/2016,618,500000000,47,2,63,62,11,17,3
1/9/2016,619,900000000,32,16,19,57,34,13,3
1/13/2016,620,1500000000,8,27,34,4,19,10,2
1/16/2016,621,40000000,61,52,51,64,3,6,2
1/20/2016,622,50000000,44,5,39,69,47,24,5
1/23/2016,623,60000000,32,22,40,69,34,19,4
1/27/2016,624,75000000,40,52,3,67,12,21,2
1/30/2016,625,96000000,16,5,12,31,43,18,4
2/3/2016,626,112000000,26,60,67,31,28,23,3
2/6/2016,627,136000000,13,4,36,31,52,8,3
2/10/2016,628,157000000,2,62,40,50,3,5,2
2/13/2016,629,176000000,7,15,36,18,19,20,2
2/17/2016,630,189000000,29,27,7,40,17,25,2
2/20/2016,631,212000000,54,12,11,16,15,25,5
2/24/2016,632,236000000,67,21,65,31,64,5,3
2/27/2016,633,266000000,22,11,53,21,10,18,3
3/2/2016,634,292000000,62,52,13,12,44,6,2
3/5/2016,635,40000000,3,34,27,59,69,19,2
3/9/2016,636,50000000,32,34,14,23,68,3,3
3/12/2016,637,60000000,28,11,50,57,62,23,2
3/16/2016,638,70000000,46,50,12,13,10,21,3
3/19/2016,639,80000000,11,60,23,54,43,3,3
3/23/2016,640,90000000,22,15,49,5,8,25,3
3/26/2016,641,101000000,23,42,68,52,11,6,3
3/30/2016,642,116000000,55,24,63,53,44,19,2
4/2/2016,643,135000000,9,61,28,40,30,3,2
4/6/2016,644,148000000,65,28,49,60,4,25,2
4/9/2016,645,168000000,14,23,41,61,22,9,3
4/13/2016,646,184000000,30,35,38,33,64,22,3
4/16/2016,647,205000000,32,3,25,51,18,3,2
4/20/2016,648,227000000,62,30,12,25,52,8,3
4/23/2016,649,251000000,46,62,59,35,19,13,5
4/27/2016,650,282000000,25,39,64,2,33,17,2
4/30/2016,651,314000000,32,16,3,34,12,14,3
5/4/2016,652,348000000,47,69,30,66,57,3,3
5/7/2016,653,415000000,25,66,44,5,26,9,2
5/11/2016,654,40000000,69,32,52,66,20,23,3
5/14/2016,655,50000000,64,27,65,13,47,9,3
5/18/2016,656,60000000,25,67,39,23,54,11,3
5/21/2016,657,70000000,9,32,5,7,23,26,4
5/25/2016,658,80000000,64,24,59,41,11,15,3
5/28/2016,659,90000000,6,34,33,59,58,12,2
6/1/2016,660,100000000,40,69,33,23,30,12,5
6/4/2016,661,110000000,20,16,43,64,22,17,2
6/8/2016,662,123000000,37,69,12,25,60,20,3
6/11/2016,663,141000000,36,58,27,41,20,7,2
6/15/2016,664,153000000,33,4,24,31,22,10,2
6/18/2016,665,169000000,53,2,23,63,41,11,2
6/22/2016,666,184000000,14,42,43,52,40,17,3
6/25/2016,667,203000000,36,3,56,69,27,25,2
6/29/2016,668,222000000,29,37,23,64,60,6,2
7/2/2016,669,243000000,63,39,59,34,10,4,2
7/6/2016,670,257000000,66,57,2,31,24,18,3
7/9/2016,671,288000000,32,28,10,64,61,12,3
7/13/2016,672,311000000,57,15,29,3,54,10,3
7/16/2016,673,333000000,11,50,40,17,62,26,2
7/20/2016,674,361000000,6,58,66,25,35,5,2
7/23/2016,675,390000000,39,5,35,7,23,11,2
7/27/2016,676,422000000,10,47,68,65,50,24,2
7/30/2016,677,478000000,32,21,17,23,11,5,2
8/3/2016,678,40000000,66,27,11,9,67,2,3
8/6/2016,679,52000000,52,33,47,36,20,12,3
8/10/2016,680,67000000,64,56,61,23,67,12,5
8/13/2016,681,82000000,44,38,64,69,60,6,2
8/17/2016,682,94000000,44,49,33,50,52,8,3
8/20/2016,683,110000000,68,3,21,6,60,24,2
8/24/2016,684,127000000,25,11,9,65,64,16,3
8/27/2016,685,142000000,48,32,63,4,49,20,2
8/31/2016,686,154000000,10,56,24,61,5,12,2
9/3/2016,687,170000000,39,59,7,67,50,25,3
9/7/2016,688,186000000,23,55,33,22,29,21,2
9/10/2016,689,205000000,3,17,49,68,55,8,2
9/14/2016,690,222000000,10,31,23,28,11,14,2
9/17/2016,691,244000000,51,19,9,62,55,14,4
9/21/2016,692,40000000,63,67,1,69,28,17,4
9/24/2016,693,50000000,15,7,29,41,20,22,2
9/28/2016,694,60000000,30,53,62,38,52,1,3
10/1/2016,695,70000000,12,64,50,61,2,1,2
10/5/2016,696,80000000,60,29,18,27,8,15,2
10/8/2016,697,91000000,3,64,68,61,54,9,2
10/12/2016,698,107000000,34,44,30,16,37,16,2
10/15/2016,699,122000000,64,49,57,23,67,20,2
10/19/2016,700,136000000,43,63,16,38,10,23,2
10/22/2016,701,151000000,1,55,33,28,56,22,2
10/26/2016,702,164000000,48,56,2,16,3,24,2
10/29/2016,703,180000000,42,48,20,21,19,23,3
11/2/2016,704,198000000,18,54,61,13,37,5,2
11/5/2016,705,217000000,31,50,69,21,51,8,3
11/9/2016,706,236000000,28,31,54,25,1,2,2
11/12/2016,707,258000000,20,8,27,52,17,24,2
11/16/2016,708,293000000,28,61,63,41,65,7,2
11/19/2016,709,320000000,24,61,43,16,28,21,2
11/23/2016,710,359000000,7,61,41,47,32,3,2
11/26/2016,711,403000000,21,17,37,44,19,16,2
11/30/2016,712,40000000,3,45,25,14,18,7,2
12/3/2016,713,54000000,27,26,33,8,10,22,2
12/7/2016,714,67000000,49,64,48,41,53,20,2
12/10/2016,715,85000000,32,21,12,44,66,15,2
12/14/2016,716,100000000,39,18,66,37,26,15,3
12/17/2016,717,119000000,16,40,8,48,1,10,2
12/21/2016,718,40000000,25,68,40,54,33,3,5
12/24/2016,719,50000000,38,52,42,51,28,21,2
12/28/2016,720,60000000,30,23,44,58,16,4,2
12/31/2016,721,70000000,1,28,3,67,57,9,2
1/4/2017,722,80000000,17,16,42,41,29,4,3
1/7/2017,723,94000000,37,63,12,24,3,10,2
1/11/2017,724,106000000,1,16,13,43,3,24,2
1/14/2017,725,121000000,55,69,23,64,59,13,5
1/18/2017,726,135000000,41,9,58,40,53,12,2
1/21/2017,727,153000000,45,25,23,67,52,2,2
1/25/2017,728,170000000,18,62,66,68,28,22,2
1/28/2017,729,187000000,39,12,49,69,20,17,2
2/1/2017,730,206000000,9,60,64,43,57,10,2
2/4/2017,731,229000000,52,17,16,13,6,25,3
2/8/2017,732,255000000,49,20,42,14,66,5,2
2/11/2017,733,285000000,37,64,17,9,5,2,2
2/15/2017,734,310000000,33,5,42,38,28,19,2
2/18/2017,735,349000000,9,3,33,7,31,20,3
2/22/2017,736,403000000,52,10,61,28,13,2,2
2/25/2017,737,40000000,6,62,32,47,65,19,2
3/1/2017,738,53000000,16,10,52,40,55,17,10
3/4/2017,739,68000000,2,22,63,19,18,19,3
3/8/2017,740,85000000,42,23,59,46,33,4,2
3/11/2017,741,104000000,57,41,50,26,1,11,2
3/15/2017,742,123000000,30,16,41,48,53,16,3
3/18/2017,743,141000000,25,67,54,44,13,5,3
3/22/2017,744,155000000,2,29,9,27,42,9,2
3/25/2017,745,40000000,32,18,31,48,45,16,4
3/29/2017,746,50000000,8,62,31,36,15,11,3
4/1/2017,747,60000000,65,9,44,36,32,1,3
4/5/2017,748,40000000,53,20,54,46,8,13,2
4/8/2017,749,50000000,51,53,36,23,60,15,2
4/12/2017,750,60000000,68,63,14,8,61,24,2
4/15/2017,751,70000000,61,26,45,5,22,13,3
4/19/2017,752,80000000,1,19,52,40,37,15,3
4/22/2017,753,90000000,39,21,48,41,63,6,3
4/26/2017,754,100000000,18,1,51,15,26,26,4
4/29/2017,755,113000000,24,22,23,62,45,5,2
5/3/2017,756,130000000,18,49,66,17,59,9,2
5/6/2017,757,147000000,31,21,11,41,59,21,3
5/10/2017,758,165000000,62,31,56,46,29,8,2
5/13/2017,759,184000000,68,17,20,63,32,19,5
5/17/2017,760,204000000,39,4,48,45,11,9,3
5/20/2017,761,228000000,45,5,47,54,22,3,2
5/24/2017,762,250000000,38,28,33,32,62,15,2
5/27/2017,763,275000000,55,10,5,67,28,9,3
5/31/2017,764,302000000,60,39,33,4,46,6,2
6/3/2017,765,337000000,54,41,9,3,21,25,4
6/7/2017,766,375000000,66,57,5,69,21,13,3
6/10/2017,767,435000000,20,26,32,38,58,3,2
6/14/2017,768,40000000,63,22,5,43,57,24,2
6/17/2017,769,52000000,13,62,10,53,32,21,2
6/21/2017,770,64000000,65,14,46,68,61,13,2
6/24/2017,771,79000000,36,32,22,58,10,10,4
6/28/2017,772,92000000,46,37,29,53,68,8,2
7/1/2017,773,106000000,45,19,42,53,48,16,3
7/5/2017,774,121000000,54,9,68,4,16,21,2
7/8/2017,775,140000000,29,8,40,59,10,26,2
7/12/2017,776,155000000,18,23,2,61,1,9,2
7/15/2017,777,172000000,40,66,9,64,63,17,2
7/19/2017,778,187000000,63,51,59,61,50,4,5
7/22/2017,779,205000000,44,32,60,5,53,9,3
7/26/2017,780,220000000,19,42,21,7,69,12,2
7/29/2017,781,239000000,1,40,28,48,45,12,2
8/2/2017,782,261000000,16,1,54,63,69,18,3
8/5/2017,783,286000000,33,21,45,11,28,11,2
8/9/2017,784,307000000,12,30,47,62,36,9,4
8/12/2017,785,356000000,35,20,49,26,24,19,2
8/16/2017,786,430000000,64,43,60,9,15,4,3
8/19/2017,787,535000000,17,68,19,43,39,13,4
8/23/2017,788,700000000,7,26,16,23,6,4,4
8/26/2017,789,40000000,66,15,7,38,32,15,2
8/30/2017,790,53000000,43,19,69,28,67,7,2
9/2/2017,791,68000000,62,41,21,52,6,26,2
9/6/2017,792,83000000,32,14,8,58,67,17,3
9/9/2017,793,102000000,59,20,6,57,29,22,2
9/13/2017,794,115000000,24,63,35,57,17,19,3
9/16/2017,795,132000000,31,24,25,17,18,24,2
9/20/2017,796,40000000,68,48,67,39,53,26,3
9/23/2017,797,53000000,45,24,56,55,57,19,2
9/27/2017,798,66000000,21,25,10,23,8,22,3
9/30/2017,799,80000000,8,25,12,41,64,15,3
10/4/2017,800,94000000,23,63,62,66,22,24,2
10/7/2017,801,112000000,61,10,49,65,63,7,2
10/11/2017,802,128000000,1,69,19,3,13,23,2
10/14/2017,803,143000000,56,37,69,32,66,11,3
10/18/2017,804,156000000,69,54,49,30,66,8,2
10/21/2017,805,173000000,14,45,69,41,42,4,2
10/25/2017,806,191000000,57,54,29,22,18,8,3
10/28/2017,807,40000000,35,27,57,66,38,10,2
11/1/2017,808,52000000,26,3,19,6,44,1,2
11/4/2017,809,64000000,51,48,12,26,14,13,3
11/8/2017,810,75000000,12,21,14,34,20,22,2
11/11/2017,811,90000000,56,6,4,30,16,18,2
11/15/2017,812,103000000,48,32,44,50,23,25,2
11/18/2017,813,119000000,17,31,28,32,39,26,3
11/22/2017,814,134000000,61,51,37,46,35,13,2
11/25/2017,815,149000000,53,8,54,27,13,4,2
11/29/2017,816,163000000,59,28,26,24,63,16,3
12/2/2017,817,177000000,32,30,36,28,58,6,3
12/6/2017,818,193000000,50,19,55,62,20,9,2
12/9/2017,819,212000000,36,60,55,37,25,6,5
12/13/2017,820,229000000,2,28,51,58,24,7,3
12/16/2017,821,250000000,35,63,37,9,50,11,2
12/20/2017,822,269000000,20,61,64,1,69,20,2
12/23/2017,823,300000000,44,15,1,13,3,25,2
12/27/2017,824,337000000,16,60,3,56,9,3,3
12/30/2017,825,384000000,58,28,51,41,36,24,2
1/3/2018,826,460000000,42,39,18,2,37,12,3
1/6/2018,827,570000000,12,61,30,29,33,26,3
1/10/2018,828,40000000,7,24,50,49,33,4,5
1/13/2018,829,50000000,69,25,35,14,58,24,2
1/17/2018,830,62000000,33,51,3,37,57,21,2
1/20/2018,831,78000000,28,26,58,47,49,3,4
1/24/2018,832,92000000,11,9,5,33,64,21,3
1/27/2018,833,112000000,54,26,17,21,47,7,2
1/31/2018,834,127000000,7,4,14,59,46,22,10
2/3/2018,835,145000000,15,48,23,27,53,6,2
2/7/2018,836,165000000,40,35,34,47,23,10,2
2/10/2018,837,184000000,27,13,41,59,1,20,5
2/14/2018,838,203000000,44,46,37,39,69,26,2
2/17/2018,839,223000000,26,62,39,13,44,2,3
2/21/2018,840,246000000,7,36,31,15,34,8,3
2/24/2018,841,269000000,38,25,62,63,24,6,2
2/28/2018,842,293000000,69,12,65,59,30,16,5
3/3/2018,843,321000000,40,17,36,25,13,5,2
3/7/2018,844,348000000,36,6,19,13,51,18,2
3/10/2018,845,385000000,69,43,54,44,61,22,3
3/14/2018,846,420000000,12,24,6,41,68,9,3
3/17/2018,847,455000000,60,66,22,59,57,7,2
3/21/2018,848,40000000,29,4,61,3,18,25,2
3/24/2018,849,54000000,33,56,53,10,45,24,3
3/28/2018,850,40000000,53,8,52,6,26,21,2
3/31/2018,851,50000000,24,55,52,61,8,21,3
4/4/2018,852,60000000,42,64,54,8,24,24,4
4/7/2018,853,74000000,38,2,20,17,39,20,2
4/11/2018,854,89000000,67,18,16,55,27,18,3
4/14/2018,855,106000000,61,17,19,26,62,15,2
4/18/2018,856,122000000,12,17,10,9,23,9,2
4/21/2018,857,142000000,50,69,54,62,40,19,2
4/25/2018,858,158000000,18,17,39,64,56,12,3
4/28/2018,859,177000000,28,50,22,45,20,8,5
5/2/2018,860,195000000,40,5,31,50,14,6,2
5/5/2018,861,215000000,29,36,14,61,57,17,4
5/9/2018,862,233000000,50,69,16,38,11,19,2
5/12/2018,863,257000000,42,56,22,55,45,14,3
5/16/2018,864,280000000,17,22,21,19,51,19,2
5/19/2018,865,306000000,56,9,17,3,6,25,3
5/23/2018,866,40000000,20,54,61,56,64,7,4
5/26/2018,867,50000000,45,31,21,1,49,21,2
5/30/2018,868,60000000,46,23,26,17,68,20,2
6/2/2018,869,74000000,23,37,64,44,25,7,4
6/6/2018,870,87000000,53,28,41,23,56,14,3
6/9/2018,871,105000000,36,10,25,6,15,14,3
6/13/2018,872,121000000,13,38,45,20,55,1,2
6/16/2018,873,137000000,65,9,58,57,45,9,2
6/20/2018,874,151000000,14,56,27,4,23,13,2
6/23/2018,875,40000000,29,56,45,16,43,25,2
6/27/2018,876,50000000,63,28,62,7,37,15,2
6/30/2018,877,60000000,9,3,20,42,61,24,2
7/4/2018,878,70000000,7,41,15,4,44,10,2
7/7/2018,879,80000000,45,43,1,10,64,22,3
7/11/2018,880,90000000,21,19,47,27,46,7,4
7/14/2018,881,100000000,49,22,41,67,42,11,3
7/18/2018,882,110000000,28,36,10,1,27,12,2
7/21/2018,883,130000000,9,56,58,23,68,1,2
7/25/2018,884,147000000,64,44,18,2,41,26,2
7/28/2018,885,168000000,27,65,56,46,22,13,2
8/1/2018,886,187000000,5,38,22,58,32,26,2
8/4/2018,887,203000000,38,58,3,11,44,2,4
8/8/2018,888,223000000,21,63,30,43,10,17,2
8/11/2018,889,247000000,56,43,5,68,62,24,2
8/15/2018,890,40000000,28,15,12,47,48,16,2
8/18/2018,891,50000000,34,67,52,61,24,16,3
8/22/2018,892,60000000,45,1,47,69,7,13,2
8/25/2018,893,70000000,25,20,57,63,54,8,2
8/29/2018,894,80000000,53,25,41,67,57,12,2
9/1/2018,895,90000000,54,66,55,61,11,9,3
9/5/2018,896,100000000,59,60,6,50,15,13,2
9/8/2018,897,114000000,20,32,3,33,13,21,3
9/12/2018,898,132000000,28,48,63,6,64,24,2
9/15/2018,899,147000000,19,18,24,34,2,3,3
9/19/2018,900,163000000,50,4,51,48,39,11,3
9/22/2018,901,178000000,61,24,69,64,63,18,5
9/26/2018,902,193000000,7,1,30,50,2,8,5
9/29/2018,903,213000000,9,17,34,59,64,22,2
10/3/2018,904,229000000,63,66,53,59,41,3,3
10/6/2018,905,253000000,22,53,27,67,1,15,3
10/10/2018,906,282000000,27,60,42,23,8,7,3
10/13/2018,907,314000000,14,65,11,43,32,15,3
10/17/2018,908,345000000,3,64,69,68,57,15,3
10/20/2018,909,470000000,62,16,54,57,69,23,2
10/24/2018,910,620000000,56,53,45,21,3,22,2
10/27/2018,911,750000000,13,12,8,27,19,4,3
10/31/2018,912,40000000,40,39,47,7,25,20,3
11/3/2018,913,53000000,24,65,21,32,15,11,3
11/7/2018,914,71000000,50,28,34,42,26,25,2
11/10/2018,915,92000000,53,29,5,57,34,24,2
11/14/2018,916,107000000,49,62,42,7,69,23,5
11/17/2018,917,124000000,8,6,68,20,52,5,2
11/21/2018,918,139000000,14,23,38,7,55,18,2
11/24/2018,919,155000000,56,33,58,51,11,18,2
11/28/2018,920,171000000,4,68,59,69,19,21,2
12/1/2018,921,183000000,10,58,47,11,55,26,2
12/5/2018,922,200000000,36,38,9,11,37,11,5
12/8/2018,923,217000000,61,14,34,32,46,10,2
12/12/2018,924,230000000,9,64,29,21,4,26,2
12/15/2018,925,246000000,8,38,55,52,43,17,3
12/19/2018,926,262000000,43,31,29,37,15,16,2
12/22/2018,927,281000000,40,59,28,21,30,26,3
12/26/2018,928,294000000,52,38,25,67,5,24,2
12/29/2018,929,40000000,51,53,42,62,12,25,2
1/2/2019,930,53000000,56,46,42,12,8,12,2
1/5/2019,931,69000000,15,27,69,7,3,19,2
1/9/2019,932,82000000,19,59,37,6,49,22,3
1/12/2019,933,96000000,57,58,7,36,48,24,2
1/16/2019,934,112000000,14,61,29,31,56,1,2
1/19/2019,935,129000000,5,65,8,66,41,20,3
1/23/2019,936,144000000,50,25,48,23,47,24,3
1/26/2019,937,161000000,12,8,21,32,20,10,4
1/30/2019,938,174000000,16,2,12,29,54,6,2
2/2/2019,939,191000000,10,43,17,18,65,13,5
2/6/2019,940,204000000,13,28,5,63,38,21,5
2/9/2019,941,224000000,7,39,2,3,1,25,3
2/13/2019,942,242000000,2,24,8,69,14,26,2
2/16/2019,943,260000000,48,30,41,64,29,1,4
2/20/2019,944,282000000,50,52,49,51,27,2,2
2/23/2019,945,304000000,32,4,20,6,14,13,2
2/27/2019,946,322000000,49,31,59,42,21,23,5
3/2/2019,947,348000000,27,68,25,19,1,21,2
3/6/2019,948,381000000,21,35,10,6,46,23,2
3/9/2019,949,414000000,45,5,59,55,6,14,3
3/13/2019,950,448000000,69,36,45,47,18,14,3
3/16/2019,951,495000000,67,30,34,39,53,11,2
3/20/2019,952,550000000,10,53,50,63,14,21,2
3/23/2019,953,625000000,66,52,60,24,25,5,3
3/27/2019,954,750000000,44,62,20,37,16,12,3
3/30/2019,955,40000000,54,52,21,64,68,4,3
4/3/2019,956,54000000,25,16,32,49,19,18,2
4/6/2019,957,68000000,33,43,60,59,15,8,3
4/10/2019,958,84000000,39,12,21,23,67,6,4
4/13/2019,959,101000000,17,26,32,4,49,10,2
4/17/2019,960,118000000,15,46,66,17,1,15,3
4/20/2019,961,136000000,3,63,27,65,30,1,3
4/24/2019,962,150000000,35,65,32,36,6,4,5
4/27/2019,963,166000000,45,29,62,41,2,6,3
5/1/2019,964,181000000,66,28,23,56,5,17,5
5/4/2019,965,199000000,30,6,23,16,61,2,2
5/8/2019,966,215000000,66,64,45,53,1,3,3
5/11/2019,967,235000000,40,9,8,6,37,26,2
5/15/2019,968,250000000,33,68,61,17,7,4,2
5/18/2019,969,270000000,2,10,66,67,25,26,4
5/22/2019,970,288000000,7,44,57,10,20,3,2
5/25/2019,971,308000000,43,39,2,66,1,2,3
5/29/2019,972,325000000,61,3,42,32,34,7,2
6/1/2019,973,350000000,34,45,6,52,15,8,2
6/5/2019,974,40000000,38,17,28,34,23,8,3
6/8/2019,975,53000000,13,9,48,42,60,18,2
6/12/2019,976,66000000,42,57,35,38,5,13,2
6/15/2019,977,79000000,8,11,49,16,14,14,3
6/19/2019,978,92000000,26,38,21,4,18,1,3
6/22/2019,979,108000000,66,14,3,6,11,21,2
6/26/2019,980,122000000,54,22,16,1,5,24,3
6/29/2019,981,137000000,59,13,24,62,17,8,2
7/3/2019,982,150000000,50,45,43,40,61,25,3
7/6/2019,983,165000000,4,8,46,23,65,1,2
7/10/2019,984,180000000,7,68,9,26,44,3,3
7/13/2019,985,194000000,32,35,13,23,68,21,3
7/17/2019,986,40000000,19,47,68,60,43,10,2
7/20/2019,987,53000000,5,64,36,26,69,19,3
7/24/2019,988,63000000,29,53,56,35,22,13,2
7/27/2019,989,75000000,61,19,1,48,31,6,2
7/31/2019,990,88000000,14,37,67,47,55,6,2
8/3/2019,991,102000000,45,68,3,6,66,13,2
8/7/2019,992,112000000,47,8,59,32,53,3,3
8/10/2019,993,128000000,41,59,58,44,35,3,3
8/14/2019,994,138000000,51,69,30,10,13,10,2
8/17/2019,995,149000000,24,30,18,21,60,20,3
8/21/2019,996,40000000,22,32,21,12,29,21,2
8/24/2019,997,50000000,47,20,12,21,5,1,2
8/28/2019,998,60000000,32,9,41,56,37,14,10
8/31/2019,999,70000000,41,50,14,56,57,18,5
9/4/2019,1000,80000000,52,30,8,4,59,2,10
9/7/2019,1001,40000000,41,56,20,11,42,6,2
9/11/2019,1002,50000000,53,24,57,6,17,3,3
9/14/2019,1003,60000000,31,11,27,36,67,11,2
9/18/2019,1004,70000000,14,19,47,51,39,15,3
9/21/2019,1005,80000000,1,68,36,22,9,22,2
9/25/2019,1006,40000000,44,43,37,45,53,25,3
9/28/2019,1007,50000000,51,55,34,15,23,4,2
10/2/2019,1008,60000000,43,53,8,10,4,7,2
10/5/2019,1009,70000000,6,51,36,54,14,4,2
10/9/2019,1010,80000000,5,43,65,18,33,2,2
10/12/2019,1011,90000000,12,34,53,65,29,23,2
10/16/2019,1012,100000000,67,1,25,5,63,3,2
10/19/2019,1013,110000000,65,27,59,14,29,12,2
10/23/2019,1014,120000000,61,50,12,5,69,23,2
10/26/2019,1015,130000000,3,54,20,59,48,4,4
10/30/2019,1016,140000000,56,67,52,19,22,21,2
11/2/2019,1017,150000000,23,37,32,58,3,22,2
11/6/2019,1018,40000000,64,46,28,62,15,17,3
11/9/2019,1019,50000000,14,38,60,35,17,25,2
11/13/2019,1020,60000000,23,28,66,27,26,11,2
11/16/2019,1021,70000000,26,55,63,14,22,26,3
11/20/2019,1022,80000000,40,15,39,57,7,12,2
11/23/2019,1023,90000000,38,28,66,35,61,23,3
11/27/2019,1024,100000000,26,55,37,53,15,21,2
11/30/2019,1025,110000000,42,35,15,63,68,18,4
12/4/2019,1026,120000000,8,44,61,51,27,14,3
12/7/2019,1027,130000000,66,53,18,42,62,25,3
12/11/2019,1028,140000000,24,42,29,44,63,10,4
12/14/2019,1029,150000000,6,32,3,12,64,19,3
12/18/2019,1030,160000000,39,26,68,18,14,9,2
12/21/2019,1031,171000000,50,35,67,19,31,14,2
12/25/2019,1032,183000000,4,16,2,30,46,20,2
12/28/2019,1033,200000000,59,23,39,20,60,18,2
1/1/2020,1034,220000000,49,53,57,59,62,26,2
1/4/2020,1035,237000000,54,1,25,21,11,7,2
1/8/2020,1036,258000000,7,43,56,4,2,22,4
1/11/2020,1037,277000000,23,59,31,3,21,3,2
1/15/2020,1038,296000000,39,55,53,41,68,19,2
1/18/2020,1039,321000000,24,68,20,38,56,18,2
1/22/2020,1040,343000000,33,59,44,67,11,8,3
1/25/2020,1041,373000000,36,17,2,67,9,18,2
1/29/2020,1042,394000000,12,60,9,15,31,2,2
2/1/2020,1043,40000000,33,60,54,57,12,13,4
2/5/2020,1044,50000000,57,41,35,30,23,2,3
2/8/2020,1045,60000000,59,66,35,50,49,6,2
2/12/2020,1046,70000000,55,68,47,54,14,25,2
2/15/2020,1047,40000000,32,16,36,46,35,3,3
2/19/2020,1048,50000000,15,10,12,56,19,19,2
2/22/2020,1049,60000000,61,62,37,39,25,11,3
2/26/2020,1050,70000000,27,29,36,47,8,24,3
2/29/2020,1051,80000000,24,50,46,44,51,13,3
3/4/2020,1052,90000000,68,60,18,43,58,14,2
3/7/2020,1053,100000000,15,62,7,21,33,23,2
3/11/2020,1054,110000000,29,50,67,4,49,2,4
3/14/2020,1055,120000000,26,32,9,23,30,8,3
3/18/2020,1056,130000000,27,15,59,44,63,8,4
3/21/2020,1057,140000000,69,23,2,59,40,13,2
3/25/2020,1058,150000000,42,9,5,27,39,16,2
3/28/2020,1059,160000000,40,7,55,66,48,11,2
4/1/2020,1060,170000000,60,45,48,33,35,16,2
4/4/2020,1061,180000000,40,43,31,8,39,4,3
4/8/2020,1062,190000000,48,54,39,2,37,5,3
4/11/2020,1063,20000000,29,47,30,22,42,17,3
4/15/2020,1064,22000000,10,33,41,12,36,2,3
4/18/2020,1065,24000000,46,63,56,4,44,19,2
4/22/2020,1066,29000000,1,40,69,33,35,24,5
4/25/2020,1067,37000000,1,21,3,57,47,18,2
4/29/2020,1068,43000000,49,61,67,2,20,20,2
5/2/2020,1069,51000000,58,33,13,68,16,24,5
5/6/2020,1070,59000000,65,8,7,50,35,20,4
5/9/2020,1071,68000000,42,12,65,48,18,19,5
5/13/2020,1072,77000000,57,54,53,56,39,20,3
5/16/2020,1073,86000000,8,12,26,42,39,11,2
5/20/2020,1074,95000000,42,40,50,18,34,9,2
5/23/2020,1075,104000000,2,23,8,18,21,16,4
5/27/2020,1076,114000000,58,38,59,64,68,21,3
5/30/2020,1077,125000000,32,13,58,41,60,14,2
6/3/2020,1078,135000000,64,26,1,3,41,17,2
6/6/2020,1079,20000000,68,38,69,1,17,18,2
6/10/2020,1080,22000000,33,10,41,54,52,18,5
6/13/2020,1081,20000000,65,12,2,32,50,5,3
6/17/2020,1082,22000000,10,7,68,64,63,10,3
6/20/2020,1083,25000000,67,10,31,63,41,5,3
6/24/2020,1084,33000000,15,22,46,27,33,23,3
6/27/2020,1085,42000000,36,56,49,62,9,8,2
7/1/2020,1086,51000000,53,28,15,52,63,18,4
7/4/2020,1087,60000000,60,16,21,27,61,6,2
7/8/2020,1088,69000000,36,10,3,34,62,5,10
7/11/2020,1089,79000000,61,14,19,62,64,4,2
7/15/2020,1090,87000000,61,69,47,27,62,4,10
7/18/2020,1091,97000000,32,59,13,58,16,9,2
7/22/2020,1092,106000000,16,36,25,44,55,14,3
7/25/2020,1093,117000000,36,5,62,21,61,18,2
7/29/2020,1094,126000000,7,40,29,35,45,26,2
8/1/2020,1095,137000000,43,48,36,25,6,24,3
8/5/2020,1096,147000000,65,7,14,57,17,24,5
8/8/2020,1097,158000000,14,2,3,40,51,24,3
8/12/2020,1098,169000000,18,6,36,2,37,21,2
8/15/2020,1099,20000000,5,34,56,45,12,3,3
8/19/2020,1100,22000000,13,47,55,23,58,23,10
8/22/2020,1101,29000000,36,19,42,30,66,14,3
8/26/2020,1102,37000000,8,19,47,58,12,2,2
8/29/2020,1103,47000000,22,5,21,29,43,10,2
9/2/2020,1104,56000000,11,20,4,69,1,18,2
9/5/2020,1105,66000000,27,15,22,47,21,7,2
9/9/2020,1106,75000000,55,27,64,52,60,21,3
9/12/2020,1107,85000000,16,67,17,53,20,4,2
9/16/2020,1108,94000000,31,10,17,51,53,1,2
9/19/2020,1109,20000000,14,47,57,23,11,14,4
9/23/2020,1110,22000000,8,17,52,59,49,1,2
9/26/2020,1111,25000000,62,36,11,21,27,24,3
9/30/2020,1112,34000000,67,49,18,14,36,18,2
10/3/2020,1113,43000000,18,47,31,43,36,20,2
10/7/2020,1114,52000000,6,56,53,30,24,19,2
10/10/2020,1115,62000000,23,50,18,40,5,18,3
10/14/2020,1116,72000000,37,52,58,53,21,5,2
10/17/2020,1117,82000000,6,31,37,10,44,23,2
10/21/2020,1118,91000000,44,13,1,3,56,26,3
10/24/2020,1119,102000000,27,65,45,20,18,6,2
10/28/2020,1120,116000000,37,40,11,28,53,13,2
10/31/2020,1121,127000000,40,2,42,55,6,24,3
11/4/2020,1122,137000000,49,33,45,23,32,14,2
11/7/2020,1123,149000000,16,14,58,37,48,18,2
11/11/2020,1124,158000000,63,13,45,17,15,13,2
11/14/2020,1125,168000000,45,32,7,18,15,20,2
11/18/2020,1126,179000000,17,4,43,5,52,5,2
11/21/2020,1127,192000000,69,54,57,51,60,11,2
11/25/2020,1128,202000000,57,2,65,58,60,26,2
11/28/2020,1129,216000000,12,51,44,8,18,18,2
12/2/2020,1130,231000000,40,28,31,41,46,4,3
12/5/2020,1131,243000000,4,53,6,48,3,10,2
12/9/2020,1132,262000000,47,31,14,48,11,4,3
12/12/2020,1133,277000000,56,17,54,63,69,20,2
12/16/2020,1134,287000000,37,4,67,23,61,7,2
12/19/2020,1135,304000000,27,52,43,32,34,13,2
12/23/2020,1136,321000000,6,38,53,39,13,6,3
12/26/2020,1137,341000000,35,53,27,24,10,18,2
12/30/2020,1138,363000000,45,65,43,61,3,14,2
1/2/2021,1139,384000000,3,67,41,4,11,5,2
1/6/2021,1140,410000000,1,66,20,22,60,3,3
1/9/2021,1141,470000000,45,46,26,14,38,13,2
1/13/2021,1142,550000000,49,4,23,25,19,14,2
1/16/2021,1143,640000000,67,20,65,14,39,2,3
1/20/2021,1144,730000000,53,60,40,68,69,22,3
1/23/2021,1145,20000000,8,5,17,28,27,14,3
1/27/2021,1146,20000000,35,52,17,42,33,9,3
1/30/2021,1147,30000000,61,2,7,52,1,4,3
2/3/2021,1148,20000000,64,66,40,5,37,5,3
2/6/2021,1149,30000000,48,1,65,16,49,8,2
2/10/2021,1150,42000000,67,63,58,15,39,7,2
2/13/2021,1151,56000000,68,33,20,63,28,20,2
2/17/2021,1152,66000000,15,46,21,1,32,1,3
2/20/2021,1153,78000000,22,8,32,4,58,4,10
2/24/2021,1154,90000000,65,33,4,53,43,21,3
2/27/2021,1155,106000000,44,31,2,52,28,18,3
3/3/2021,1156,123000000,55,44,21,50,40,16,3
3/6/2021,1157,138000000,50,11,58,52,31,18,4
3/10/2021,1158,155000000,44,17,53,18,37,18,3
3/13/2021,1159,169000000,56,61,11,51,5,2,2
3/17/2021,1160,184000000,62,61,38,34,42,19,2
3/20/2021,1161,200000000,6,61,42,1,22,4,3
3/24/2021,1162,220000000,38,27,4,17,9,18,2
3/27/2021,1163,238000000,39,65,6,14,38,6,3
3/31/2021,1164,20000000,3,55,10,44,68,24,2
4/3/2021,1165,32000000,39,17,12,53,1,5,2
4/7/2021,1166,43000000,27,66,35,39,51,16,5
4/10/2021,1167,55000000,16,53,23,50,14,3,3
4/14/2021,1168,67000000,13,45,33,30,61,14,2
4/17/2021,1169,79000000,41,21,26,10,49,25,2
4/21/2021,1170,90000000,25,32,21,67,63,6,2
4/24/2021,1171,104000000,36,61,59,22,48,22,3
4/28/2021,1172,116000000,16,18,35,39,53,21,3
5/1/2021,1173,129000000,47,36,63,35,61,3,3
5/5/2021,1174,142000000,63,28,16,40,23,1,2
5/8/2021,1175,157000000,20,17,12,21,26,8,3
5/12/2021,1176,168000000,20,19,1,38,54,17,2
5/15/2021,1177,183000000,39,4,10,37,69,24,3
5/19/2021,1178,201000000,11,69,13,56,55,4,2
5/22/2021,1179,218000000,40,3,27,37,19,8,2
5/26/2021,1180,236000000,21,62,34,8,2,16,2
5/29/2021,1181,253000000,13,11,46,22,27,20,2
6/2/2021,1182,268000000,67,7,6,11,66,19,3
6/5/2021,1183,286000000,64,52,44,69,54,26,3
6/9/2021,1184,20000000,54,46,28,50,19,9,2
6/12/2021,1185,31000000,8,41,38,25,34,10,3
6/16/2021,1186,40000000,19,34,50,44,29,25,2
6/19/2021,1187,52000000,38,22,4,39,35,20,2
6/23/2021,1188,63000000,20,40,63,13,51,1,3
6/26/2021,1189,75000000,31,60,43,8,39,17,3
6/30/2021,1190,88000000,50,66,24,65,29,14,4
7/3/2021,1191,101000000,26,55,40,41,65,24,2
7/7/2021,1192,113000000,8,49,57,30,21,8,2
7/10/2021,1193,127000000,29,1,62,5,54,3,2
7/14/2021,1194,137000000,52,62,33,59,46,10,2
7/17/2021,1195,150000000,54,38,22,15,66,3,2
7/21/2021,1196,161000000,27,44,67,28,68,11,2
7/24/2021,1197,174000000,4,11,67,1,59,10,2
7/28/2021,1198,186000000,53,25,60,59,30,5,3
7/31/2021,1199,199000000,21,22,34,1,47,4,2
8/4/2021,1200,211000000,36,5,21,58,32,14,2
8/7/2021,1201,226000000,24,54,7,60,36,23,2
8/11/2021,1202,241000000,18,12,29,20,30,16,3
8/14/2021,1203,258000000,6,65,49,67,21,18,2
8/18/2021,1204,274000000,36,61,55,51,35,26,2
8/21/2021,1205,290000000,59,39,36,16,28,4,2
8/23/2021,1206,293000000,47,17,61,36,60,15,3
8/25/2021,1207,304000000,39,59,27,54,56,24,3
8/28/2021,1208,322000000,12,59,46,26,22,26,2
8/30/2021,1209,332000000,61,3,51,45,15,8,2
9/1/2021,1210,345000000,10,20,29,48,51,17,2
9/4/2021,1211,367000000,54,32,35,40,52,1,5
9/6/2021,1212,375000000,33,11,54,22,20,24,2
9/8/2021,1213,388000000,22,9,41,61,47,21,2
9/11/2021,1214,409000000,40,38,31,20,49,21,2
9/13/2021,1215,416000000,37,63,61,50,40,21,3
9/15/2021,1216,432000000,46,4,62,1,18,25,3
9/18/2021,1217,457000000,45,39,5,57,36,11,2
9/20/2021,1218,472000000,58,51,37,54,60,19,2
9/22/2021,1219,490000000,47,63,20,40,55,5,3
9/25/2021,1220,523000000,37,23,62,22,63,19,3
9/27/2021,1221,545000000,44,21,22,39,60,12,2
9/29/2021,1222,570000000,32,17,2,7,11,11,3
10/2/2021,1223,635000000,42,38,47,52,28,1,2
10/4/2021,1224,685000000,66,12,22,54,69,15,2
10/6/2021,1225,20000000,17,64,52,1,58,1,10
10/9/2021,1226,31000000,62,12,30,17,45,5,2
10/11/2021,1227,38000000,20,11,33,39,65,24,3
10/13/2021,1228,50000000,47,23,59,29,60,15,2
10/16/2021,1229,60000000,30,48,31,41,42,3,3
10/18/2021,1230,65000000,53,30,63,48,32,12,2
10/20/2021,1231,73000000,7,41,29,43,36,5,2
10/23/2021,1232,86000000,30,10,57,63,51,20,2
10/25/2021,1233,93000000,29,58,44,10,27,24,2
10/27/2021,1234,102000000,3,26,51,35,6,17,4
10/30/2021,1235,116000000,56,23,28,5,43,19,2
11/1/2021,1236,123000000,44,9,25,34,45,8,3
11/3/2021,1237,132000000,50,1,57,24,2,26,2
11/6/2021,1238,146000000,64,8,48,30,57,9,2
11/8/2021,1239,151000000,47,46,62,57,21,8,3
11/10/2021,1240,160000000,46,25,43,48,19,14,2
11/13/2021,1241,173000000,45,15,35,26,8,9,3
11/15/2021,1242,180000000,53,31,51,34,5,23,2
11/17/2021,1243,190000000,48,3,60,16,52,1,3
11/20/2021,1244,205000000,48,59,40,69,43,19,3
11/22/2021,1245,213000000,7,67,20,29,38,22,2
11/24/2021,1246,224000000,65,16,63,10,32,17,2
11/27/2021,1247,243000000,32,55,66,64,8,10,2
11/29/2021,1248,253000000,28,26,18,38,47,17,2
12/1/2021,1249,264000000,12,57,38,15,63,24,2
12/4/2021,1250,278000000,56,45,10,40,67,2,2
12/6/2021,1251,280000000,3,21,59,50,38,6,3
12/8/2021,1252,291000000,33,50,7,3,69,24,2
12/11/2021,1253,307000000,25,53,44,3,64,10,2
12/13/2021,1254,320000000,10,37,59,53,30,4,2
12/15/2021,1255,333000000,19,20,59,40,42,15,3
12/18/2021,1256,353000000,61,24,51,6,2,1,2
12/20/2021,1257,363000000,13,66,2,23,34,2,4
12/22/2021,1258,378000000,16,68,48,7,19,15,2
12/25/2021,1259,400000000,29,45,58,55,27,2,3
12/27/2021,1260,416000000,62,45,36,64,38,19,2
12/29/2021,1261,441000000,39,6,9,33,2,11,2
1/1/2022,1262,500000000,39,48,12,50,6,7,2
1/3/2022,1263,540000000,2,33,13,32,48,22,2
1/5/2022,1264,630000000,25,6,14,33,46,17,2
1/8/2022,1265,20000000,21,20,65,36,60,13,10
1/10/2022,1266,27000000,17,21,14,27,18,9,2
1/12/2022,1267,38000000,21,22,30,12,33,24,4
1/15/2022,1268,48000000,3,59,37,51,18,13,2
1/17/2022,1269,53000000,46,65,24,35,9,22,2
1/19/2022,1270,62000000,11,43,61,15,55,10,3
1/22/2022,1271,76000000,67,14,8,33,36,17,2
1/24/2022,1272,82000000,11,53,47,30,29,16,3
1/26/2022,1273,91000000,69,38,49,4,11,16,3
1/29/2022,1274,104000000,54,2,15,65,38,11,4
1/31/2022,1275,113000000,61,10,69,51,15,14,3
2/2/2022,1276,123000000,33,62,18,63,29,15,3
2/5/2022,1277,137000000,39,61,27,16,5,24,2
2/7/2022,1278,147000000,65,5,15,38,47,10,3
2/9/2022,1279,158000000,63,17,51,2,33,26,2
2/12/2022,1280,172000000,10,8,41,21,62,7,3
2/14/2022,1281,183000000,49,55,16,27,25,17,3
2/16/2022,1282,20000000,40,22,48,30,42,16,2
2/19/2022,1283,31000000,10,3,15,42,33,11,2
2/21/2022,1284,37000000,37,45,36,69,2,3,2
2/23/2022,1285,45000000,64,35,17,6,21,18,2
2/26/2022,1286,58000000,48,32,36,64,15,19,3
2/28/2022,1287,65000000,21,7,39,47,55,19,2
3/2/2022,1288,73000000,63,61,48,19,37,12,2
3/5/2022,1289,85000000,37,23,52,63,8,13,2
3/7/2022,1290,90000000,59,67,10,55,43,2,3
3/9/2022,1291,99000000,34,13,22,67,51,10,2
3/12/2022,1292,112000000,19,20,37,39,61,8,2
3/14/2022,1293,124000000,21,28,32,49,44,6,3
3/16/2022,1294,133000000,58,35,28,34,3,17,2
3/19/2022,1295,147000000,9,52,18,8,48,6,2
3/21/2022,1296,156000000,26,15,65,63,1,16,2
3/23/2022,1297,167000000,37,38,31,32,48,24,2
3/26/2022,1298,181000000,2,50,10,59,61,6,3
3/28/2022,1299,195000000,62,11,18,58,39,3,2
3/30/2022,1300,206000000,37,3,31,21,7,11,3
4/2/2022,1301,222000000,58,59,47,28,6,18,2
4/4/2022,1302,231000000,2,39,69,32,46,6,2
4/6/2022,1303,246000000,6,45,47,42,64,18,3
4/9/2022,1304,268000000,6,16,31,62,66,18,2
4/11/2022,1305,288000000,5,34,24,31,7,4,2
4/13/2022,1306,302000000,63,68,41,16,14,26,2
4/16/2022,1307,325000000,62,32,15,65,21,26,5
4/18/2022,1308,348000000,8,33,59,55,62,18,2
4/20/2022,1309,370000000,55,30,56,20,45,14,2
4/23/2022,1310,400000000,49,10,56,39,47,8,3
4/25/2022,1311,421000000,18,61,12,39,20,10,2
4/27/2022,1312,454000000,62,68,61,11,36,4,2
4/30/2022,1313,20000000,21,37,44,63,14,1,3
5/2/2022,1314,27000000,18,39,44,33,27,8,5
5/4/2022,1315,37000000,55,63,69,39,37,23,2
5/7/2022,1316,51000000,5,28,6,67,4,10,2
5/9/2022,1317,59000000,18,56,30,35,52,5,2
5/11/2022,1318,68000000,61,5,7,69,63,18,2
5/14/2022,1319,83000000,6,52,40,45,41,9,3
5/16/2022,1320,90000000,7,22,15,36,64,13,2
5/18/2022,1321,101000000,64,41,40,58,65,17,3
5/21/2022,1322,117000000,15,52,25,58,14,11,2
5/23/2022,1323,125000000,42,37,33,1,39,26,2
5/25/2022,1324,135000000,42,19,28,39,57,17,3
5/28/2022,1325,150000000,66,50,61,39,2,15,2
5/30/2022,1326,157000000,51,69,28,68,27,22,2
6/1/2022,1327,168000000,41,56,63,11,57,2,2
6/4/2022,1328,184000000,60,52,14,16,36,16,3
6/6/2022,1329,198000000,10,2,44,35,46,4,2
6/8/2022,1330,210000000,39,43,62,22,64,7,4
6/11/2022,1331,229000000,26,53,69,20,18,5,2
6/13/2022,1332,243000000,2,44,42,51,27,25,2
6/15/2022,1333,258000000,28,19,42,41,51,7,2
6/18/2022,1334,279000000,40,45,10,19,58,25,2
6/20/2022,1335,296000000,3,44,69,61,63,13,2
6/22/2022,1336,312000000,10,56,6,31,48,12,3
6/25/2022,1337,335000000,12,20,32,27,6,4,3
6/27/2022,1338,346000000,13,30,37,18,11,16,3
6/29/2022,1339,365000000,63,40,8,49,58,14,3
7/2/2022,1340,20000000,59,10,9,37,62,26,3
7/4/2022,1341,26000000,16,15,56,31,24,4,2
7/6/2022,1342,35000000,36,32,69,49,62,13,2
7/9/2022,1343,48000000,42,22,52,46,14,24,3
7/11/2022,1344,56000000,52,37,34,4,26,9,2
7/13/2022,1345,66000000,22,23,47,63,36,2,2
7/16/2022,1346,82000000,23,57,32,18,3,21,2
7/18/2022,1347,89000000,36,14,50,58,34,5,3
7/20/2022,1348,101000000,20,10,65,23,49,22,3
7/23/2022,1349,119000000,59,39,41,54,62,12,3
7/25/2022,1350,130000000,25,37,38,39,65,5,2
7/27/2022,1351,145000000,25,55,1,44,57,26,2
7/30/2022,1352,170000000,17,4,58,68,57,12,3
8/1/2022,1353,187000000,31,65,36,15,21,16,3
8/3/2022,1354,202000000,9,66,21,57,56,11,2
8/6/2022,1355,20000000,15,8,46,56,68,3,2
8/8/2022,1356,26000000,58,45,51,57,32,12,2
8/10/2022,1357,35000000,68,59,61,44,29,19,2
8/13/2022,1358,48000000,43,35,24,62,19,2,10
8/15/2022,1359,56000000,20,50,47,63,24,5,2
8/17/2022,1360,66000000,41,23,55,50,28,24,2
8/20/2022,1361,80000000,16,11,9,66,5,7,2
8/22/2022,1362,90000000,12,55,67,27,34,9,2
8/24/2022,1363,100000000,37,35,6,24,44,22,4
8/27/2022,1364,115000000,2,65,60,18,56,14,3
8/29/2022,1365,124000000,69,61,43,13,36,18,3
8/31/2022,1366,134000000,24,19,7,8,28,1,2
9/3/2022,1367,148000000,18,27,65,49,69,9,2
9/5/2022,1368,159000000,4,7,55,32,64,25,2
9/7/2022,1369,170000000,3,33,16,30,36,20,3
9/10/2022,1370,186000000,56,68,38,42,69,4,2
9/12/2022,1371,193000000,66,14,34,6,16,25,3
9/14/2022,1372,206000000,20,10,22,52,9,25,3
9/17/2022,1373,225000000,5,25,36,61,51,1,3
9/19/2022,1374,238000000,7,15,67,46,36,7,2
9/21/2022,1375,251000000,33,34,6,54,45,7,2
9/24/2022,1376,270000000,3,21,29,24,9,14,2
9/26/2022,1377,285000000,31,33,13,20,59,20,3
9/28/2022,1378,300000000,10,67,33,24,6,11,3
10/1/2022,1379,322000000,69,22,21,65,8,26,2
10/3/2022,1380,336000000,55,63,2,16,22,22,4
10/5/2022,1381,353000000,26,37,33,62,30,6,2
10/8/2022,1382,378000000,53,60,68,43,13,5,2
10/10/2022,1383,401000000,17,3,22,11,6,11,2
10/12/2022,1384,420000000,59,30,42,14,41,6,5
10/15/2022,1385,454000000,32,62,40,58,37,15,5
10/17/2022,1386,480000000,46,30,36,19,60,25,3
10/19/2022,1387,508000000,27,42,15,8,6,10,3
10/22/2022,1388,580000000,55,25,60,19,48,18,2
10/24/2022,1389,625000000,23,45,54,35,18,16,4
10/26/2022,1390,700000000,46,37,19,56,36,24,2
10/29/2022,1391,825000000,40,19,57,31,46,23,3
10/31/2022,1392,1000000000,19,13,39,59,36,13,3
11/2/2022,1393,1200000000,22,11,60,2,35,23,2
11/5/2022,1394,1600000000,69,53,45,56,28,20,3
11/7/2022,1395,1900000000,10,33,41,47,56,10,2
11/9/2022,1396,20000000,14,24,7,30,56,7,2
11/12/2022,1397,47000000,58,57,20,44,16,6,4
11/14/2022,1398,59000000,54,67,19,53,35,21,2
11/16/2022,1399,76000000,53,56,28,34,51,11,2
11/19/2022,1400,93000000,62,63,28,7,64,10,3
11/21/2022,1401,20000000,1,67,51,40,6,2,2
11/23/2022,1402,30000000,31,2,1,39,66,25,2
11/26/2022,1403,48000000,15,30,47,50,51,3,10
11/28/2022,1404,56000000,48,30,50,32,29,20,2
11/30/2022,1405,65000000,4,24,47,66,19,10,2
12/3/2022,1406,81000000,13,36,37,6,33,7,4
12/5/2022,1407,89000000,35,54,55,45,47,14,2
12/7/2022,1408,100000000,61,59,28,6,44,21,2
12/10/2022,1409,116000000,23,9,68,49,47,19,2
12/12/2022,1410,124000000,55,16,50,31,61,9,4
12/14/2022,1411,134000000,36,51,68,66,59,25,10
12/17/2022,1412,149000000,56,33,66,68,64,12,2
12/19/2022,1413,158000000,55,37,65,7,67,12,5
12/21/2022,1414,170000000,34,15,59,24,12,14,2
12/24/2022,1415,186000000,37,17,67,54,46,8,3
12/26/2022,1416,201000000,60,41,47,17,61,17,3
12/28/2022,1417,215000000,32,38,45,26,56,1,2
12/31/2022,1418,246000000,18,37,44,64,50,11,3
1/2/2023,1419,265000000,9,62,12,7,31,22,2
1/4/2023,1420,291000000,68,12,56,32,67,26,3
1/7/2023,1421,325000000,45,36,67,35,44,14,3
1/9/2023,1422,340000000,18,43,48,60,69,14,3
1/11/2023,1423,360000000,4,47,48,8,46,5,3
1/14/2023,1424,404000000,24,26,57,39,47,23,2
1/16/2023,1425,416000000,14,33,4,61,39,3,3
1/18/2023,1426,439000000,15,47,22,6,42,26,3
1/21/2023,1427,473000000,14,5,64,19,46,22,4
1/23/2023,1428,502000000,47,60,31,58,12,23,3
1/25/2023,1429,526000000,17,38,20,9,40,18,2
1/28/2023,1430,572000000,23,27,47,18,2,15,4
1/30/2023,1431,613000000,49,1,36,4,12,5,2
2/1/2023,1432,653000000,58,59,43,31,66,9,2
2/4/2023,1433,700000000,58,2,15,19,8,10,2
2/6/2023,1434,747000000,22,11,23,5,69,7,2
2/8/2023,1435,20000000,64,59,66,58,52,9,2
2/11/2023,1436,34000000,65,30,10,23,54,11,4
2/13/2023,1437,45000000,26,37,17,65,61,2,2
2/15/2023,1438,57000000,60,31,63,54,32,12,4
2/18/2023,1439,73000000,31,8,37,32,21,23,4
2/20/2023,1440,87000000,17,3,54,38,26,15,3
2/22/2023,1441,100000000,11,39,65,44,19,7,2
2/25/2023,1442,119000000,24,66,58,11,67,26,3
2/27/2023,1443,131000000,55,49,16,28,51,23,2
3/1/2023,1444,143000000,2,28,9,36,53,4,2
3/4/2023,1445,161000000,10,40,16,18,66,16,3
3/6/2023,1446,20000000,69,58,13,29,2,4,3
3/8/2023,1447,31000000,43,69,26,27,61,4,3
3/11/2023,1448,45000000,33,58,11,43,20,24,2
3/13/2023,1449,52000000,3,46,24,10,63,4,2
3/15/2023,1450,63000000,18,33,37,50,16,8,2
3/18/2023,1451,78000000,69,20,14,30,54,11,2
3/20/2023,1452,86000000,32,67,47,1,27,14,2
3/22/2023,1453,96000000,37,27,28,50,57,5,2
3/25/2023,1454,112000000,15,57,18,47,17,19,2
3/27/2023,1455,122000000,36,19,26,58,43,14,3
3/29/2023,1456,132000000,66,9,24,46,4,7,3
4/1/2023,1457,147000000,19,29,21,11,52,17,4
4/3/2023,1458,159000000,16,31,68,30,54,1,2
4/5/2023,1459,170000000,52,42,9,3,5,11,2
4/8/2023,1460,186000000,51,11,22,60,24,18,3
4/10/2023,1461,192000000,46,52,9,10,36,14,2
4/12/2023,1462,202000000,41,36,59,9,44,4,2
4/15/2023,1463,219000000,56,1,33,34,59,18,3
4/17/2023,1464,235000000,64,35,63,23,25,25,3
4/19/2023,1465,251000000,21,4,11,64,38,11,3
4/22/2023,1466,20000000,63,68,17,36,47,25,2
4/24/2023,1467,28000000,19,55,68,66,21,3,2
4/26/2023,1468,37000000,15,49,2,30,35,6,2
4/29/2023,1469,51000000,16,53,65,57,54,8,2
5/1/2023,1470,60000000,61,38,66,55,3,1,3
5/3/2023,1471,71000000,26,21,47,30,45,23,3
5/6/2023,1472,87000000,39,51,53,31,47,6,2
5/8/2023,1473,97000000,15,33,43,36,20,12,2
5/10/2023,1474,109000000,24,55,69,21,33,3,10
5/13/2023,1475,125000000,3,46,20,23,15,11,2
5/15/2023,1476,135000000,58,1,26,55,28,25,2
5/17/2023,1477,146000000,51,18,37,45,34,14,2
5/20/2023,1478,162000000,23,63,32,38,17,23,2
5/22/2023,1479,179000000,38,52,48,9,68,25,4
5/24/2023,1480,190000000,58,44,21,50,12,26,3
5/27/2023,1481,211000000,48,39,56,38,24,4,2
5/29/2023,1482,226000000,64,35,21,62,33,24,2
5/31/2023,1483,239000000,62,54,4,2,61,14,3
6/3/2023,1484,262000000,15,67,64,45,68,18,2
6/5/2023,1485,269000000,46,2,45,31,49,20,2
6/7/2023,1486,285000000,16,53,29,66,21,2,5
6/10/2023,1487,308000000,42,46,50,21,32,4,3
6/12/2023,1488,324000000,68,2,23,3,16,7,2
6/14/2023,1489,340000000,20,3,42,36,64,4,2
6/17/2023,1490,366000000,12,61,2,64,45,26,2
6/19/2023,1491,380000000,69,57,52,39,36,1,3
6/21/2023,1492,400000000,5,33,35,11,63,14,2
6/24/2023,1493,427000000,38,44,50,2,62,19,3
6/26/2023,1494,440000000,6,54,43,28,39,12,4
6/28/2023,1495,462000000,34,19,68,25,57,4,5
7/1/2023,1496,493000000,4,49,61,17,35,8,2
7/3/2023,1497,522000000,31,38,15,61,26,3,3
7/5/2023,1498,546000000,68,17,24,62,48,23,2
7/8/2023,1499,615000000,24,7,32,23,43,18,2
7/10/2023,1500,675000000,34,58,24,2,53,13,2
7/12/2023,1501,750000000,66,45,23,35,67,20,3
7/15/2023,1502,875000000,57,43,2,55,9,18,2
7/17/2023,1503,900000000,17,8,9,41,5,21,4
7/19/2023,1504,1000000000,7,13,10,24,11,24,2
7/22/2023,1505,20000000,63,37,25,27,36,7,2
7/24/2023,1506,28000000,49,3,12,28,4,25,2
7/26/2023,1507,41000000,3,40,16,60,48,14,2
7/29/2023,1508,60000000,27,10,34,25,38,2,3
7/31/2023,1509,74000000,58,2,65,11,48,13,2
8/2/2023,1510,95000000,64,33,24,23,51,5,2
8/5/2023,1511,124000000,62,44,65,18,42,23,2
8/7/2023,1512,145000000,13,6,20,54,35,22,2
8/9/2023,1513,170000000,15,67,10,21,69,3,2
8/12/2023,1514,194000000,19,50,65,21,37,26,2
8/14/2023,1515,215000000,37,34,47,39,32,3,2
8/16/2023,1516,236000000,55,9,11,19,17,1,2
8/19/2023,1517,264000000,27,38,1,62,25,13,2
8/21/2023,1518,291000000,3,4,28,12,22,16,2
8/23/2023,1519,313000000,33,30,32,25,55,20,2
8/26/2023,1520,345000000,26,20,63,22,28,5,3
8/28/2023,1521,363000000,55,6,25,68,4,26,2
8/30/2023,1522,386000000,35,69,61,13,4,4,2
9/2/2023,1523,420000000,38,67,25,66,42,19,4
9/4/2023,1524,435000000,51,1,32,46,26,13,3
9/6/2023,1525,461000000,20,23,9,14,63,1,3
9/9/2023,1526,500000000,29,19,11,63,68,25,2
9/11/2023,1527,522000000,53,27,25,66,9,5,2
9/13/2023,1528,550000000,37,22,45,44,30,18,3
9/16/2023,1529,596000000,46,19,24,8,11,5,2
9/18/2023,1530,638000000,42,26,2,21,40,9,3
9/20/2023,1531,672000000,27,62,16,59,63,23,3
9/23/2023,1532,750000000,1,12,66,20,33,21,2
9/25/2023,1533,785000000,50,10,36,22,12,4,2
9/27/2023,1534,850000000,47,63,1,46,7,7,3
9/30/2023,1535,960000000,30,19,46,37,44,22,2
10/2/2023,1536,1040000000,27,12,43,47,26,5,2
10/4/2023,1537,1200000000,63,9,35,64,54,1,2
10/7/2023,1538,1400000000,47,60,57,65,54,19,3
10/9/2023,1539,1550000000,67,34,46,55,16,14,3
10/11/2023,1540,1720000000,24,52,40,22,64,10,2
10/14/2023,1541,20000000,14,42,64,16,48,14,2
10/16/2023,1542,34000000,2,64,31,27,44,18,3
10/18/2023,1543,49000000,13,35,1,4,58,24,2
10/21/2023,1544,70000000,68,24,15,67,6,11,2
10/23/2023,1545,85000000,46,18,21,25,64,21,5
10/25/2023,1546,100000000,68,41,53,27,25,2,2
10/28/2023,1547,125000000,59,24,64,50,14,2,2
10/30/2023,1548,137000000,69,19,22,66,34,5,3
11/1/2023,1549,152000000,39,22,26,47,63,12,3
11/4/2023,1550,173000000,28,34,1,52,30,6,2
11/6/2023,1551,179000000,12,40,25,61,59,26,2
11/8/2023,1552,196000000,21,33,62,39,14,20,2
11/11/2023,1553,220000000,14,12,57,1,24,7,4
11/13/2023,1554,235000000,35,37,33,24,42,21,2
11/15/2023,1555,255000000,53,4,3,51,60,6,3
11/18/2023,1556,280000000,34,61,50,51,67,20,2
11/20/2023,1557,295000000,26,63,39,19,30,13,2
11/22/2023,1558,313000000,42,20,39,24,33,21,2
11/25/2023,1559,340000000,68,27,63,33,66,9,2
11/27/2023,1560,352000000,2,61,38,66,21,12,2
11/29/2023,1561,374000000,47,50,68,6,61,4,2
12/2/2023,1562,400000000,35,41,60,28,47,3,2
12/4/2023,1563,412000000,18,27,45,28,19,9,3
12/6/2023,1564,435000000,56,2,65,12,37,21,3
12/9/2023,1565,468000000,40,25,60,5,26,1,2
12/11/2023,1566,477000000,31,24,62,27,1,20,3
12/13/2023,1567,500000000,56,8,41,64,3,18,2
12/16/2023,1568,535000000,9,3,10,20,62,25,3
12/18/2023,1569,543000000,5,34,39,19,8,26,3
12/20/2023,1570,572000000,41,56,35,60,27,16,2
12/23/2023,1571,620000000,53,14,9,17,18,6,3
12/25/2023,1572,638000000,24,20,12,5,29,4,2
12/27/2023,1573,700000000,4,11,38,51,68,5,3
12/30/2023,1574,760000000,26,10,34,11,27,7,4
1/1/2024,1575,810000000,21,49,44,42,12,1,3
1/3/2024,1576,20000000,48,30,38,68,31,8,10
1/6/2024,1577,35000000,4,34,61,31,38,13,2
1/8/2024,1578,46000000,7,28,40,17,45,2,3
1/10/2024,1579,60000000,48,43,25,50,40,11,2
1/13/2024,1580,77000000,31,13,51,58,33,15,2
1/15/2024,1581,88000000,59,30,49,35,13,4,3
1/17/2024,1582,102000000,65,61,22,18,43,2,4
1/20/2024,1583,120000000,34,16,65,47,31,10,3
1/22/2024,1584,133000000,24,63,43,25,52,21,2
1/24/2024,1585,145000000,32,50,5,1,64,8,4
1/27/2024,1586,164000000,38,65,68,7,66,21,2
1/29/2024,1587,174000000,39,49,41,64,43,4,2
1/31/2024,1588,188000000,15,43,41,19,18,14,2
2/3/2024,1589,206000000,27,11,66,9,59,19,3
2/5/2024,1590,214000000,1,30,27,2,67,9,5
2/7/2024,1591,228000000,21,12,62,69,67,17,3
2/10/2024,1592,248000000,37,27,28,34,44,8,2
2/12/2024,1593,270000000,53,17,36,67,43,14,2
2/14/2024,1594,285000000,1,4,45,67,47,18,2
2/17/2024,1595,306000000,62,28,6,59,69,21,3
2/19/2024,1596,330000000,23,45,53,4,50,17,3
2/21/2024,1597,348000000,42,33,4,27,41,14,2
2/24/2024,1598,376000000,3,40,58,8,53,3,3
2/26/2024,1599,391000000,54,29,42,51,24,16,3
2/28/2024,1600,412000000,50,38,26,29,16,6,2
3/2/2024,1601,443000000,3,18,36,53,27,12,2
3/4/2024,1602,460000000,42,67,36,52,50,26,2
3/6/2024,1603,485000000,44,6,19,28,60,10,2
3/9/2024,1604,521000000,52,63,36,30,49,16,5
3/11/2024,1605,532000000,16,3,7,66,1,5,5
3/13/2024,1606,559000000,29,21,62,59,54,4,2
3/16/2024,1607,600000000,44,23,12,61,57,5,2
3/18/2024,1608,645000000,44,39,10,17,20,16,3
3/20/2024,1609,687000000,66,22,13,54,27,9,2
3/23/2024,1610,750000000,6,23,51,25,34,3,2
3/25/2024,1611,800000000,19,7,68,53,11,23,2
3/27/2024,1612,865000000,57,60,46,66,37,8,2
3/30/2024,1613,935000000,33,13,50,12,52,23,3
4/1/2024,1614,1000000000,24,56,19,40,42,23,2
4/3/2024,1615,1090000000,11,62,65,38,41,15,3
4/6/2024,1616,1300000000,44,27,52,22,69,9,3
4/8/2024,1617,20000000,6,54,23,39,21,23,2
4/10/2024,1618,31000000,36,12,6,7,24,15,2
4/13/2024,1619,46000000,43,40,33,69,7,10,5
4/15/2024,1620,63000000,7,56,61,16,41,23,3
4/17/2024,1621,78000000,24,54,44,47,29,2,2
4/20/2024,1622,98000000,4,58,44,35,41,25,3
4/22/2024,1623,115000000,39,12,16,52,33,1,2
4/24/2024,1624,129000000,26,2,20,47,22,21,4
4/27/2024,1625,149000000,62,55,53,9,30,23,3
4/29/2024,1626,164000000,69,47,11,67,38,14,2
5/1/2024,1627,178000000,1,21,19,11,68,15,2
5/4/2024,1628,203000000,14,20,69,23,53,4,2
5/6/2024,1629,214000000,60,56,7,24,23,25,2
5/8/2024,1630,20000000,43,51,44,7,41,5,2
5/11/2024,1631,36000000,6,49,39,67,3,21,2
5/13/2024,1632,47000000,14,5,29,38,66,1,2
5/15/2024,1633,59000000,55,45,69,19,42,6,2
5/18/2024,1634,77000000,42,59,37,19,36,19,2
5/20/2024,1635,88000000,68,7,1,48,64,5,2
5/22/2024,1636,100000000,16,5,67,18,26,4,3
5/25/2024,1637,120000000,36,33,6,64,35,24,3
5/27/2024,1638,131000000,30,39,49,59,9,21,5
5/29/2024,1639,143000000,17,60,56,61,34,9,2
6/1/2024,1640,161000000,38,28,68,52,54,8,2
6/3/2024,1641,171000000,19,45,35,29,36,16,2
6/5/2024,1642,185000000,69,45,8,44,51,12,3
6/8/2024,1643,206000000,38,54,64,8,52,15,3
6/10/2024,1644,221000000,33,58,3,10,59,9,2
6/12/2024,1645,20000000,30,62,61,19,31,21,2
6/15/2024,1646,34000000,54,48,4,56,36,2,3
6/17/2024,1647,44000000,58,30,66,53,48,9,2
6/19/2024,1648,56000000,50,27,4,44,64,7,3
6/22/2024,1649,72000000,4,15,62,32,5,21,2
6/24/2024,1650,84000000,5,36,53,6,69,8,2
6/26/2024,1651,95000000,56,4,9,47,36,7,5
6/29/2024,1652,113000000,51,61,54,26,69,25,3
7/1/2024,1653,125000000,55,9,39,32,5,9,2
7/3/2024,1654,138000000,55,26,2,33,57,22,2
7/6/2024,1655,20000000,39,49,35,32,5,21,2
7/8/2024,1656,29000000,45,31,22,33,20,1,3
7/10/2024,1657,41000000,11,7,12,27,46,26,3
7/13/2024,1658,54000000,9,66,55,59,69,21,2
7/15/2024,1659,64000000,9,45,39,31,40,23,3
7/17/2024,1660,75000000,47,66,24,27,32,26,2
7/20/2024,1661,91000000,57,40,18,25,31,4,3
7/22/2024,1662,102000000,31,58,56,69,36,20,2
7/24/2024,1663,114000000,42,16,68,59,63,13,2
7/27/2024,1664,131000000,64,40,31,3,37,17,3
7/29/2024,1665,144000000,30,11,44,27,33,16,3
7/31/2024,1666,154000000,34,23,37,58,50,7,2
8/3/2024,1667,171000000,33,13,61,40,60,20,3
8/5/2024,1668,174000000,54,44,42,29,51,12,2
8/7/2024,1669,185000000,57,47,35,19,6,9,3
8/10/2024,1670,201000000,24,69,33,64,9,9,2
8/12/2024,1671,212000000,22,68,9,67,57,14,3
8/14/2024,1672,20000000,8,29,23,62,9,13,2
8/17/2024,1673,35000000,31,43,12,45,46,22,5
8/19/2024,1674,44000000,28,1,15,23,2,10,2
8/21/2024,1675,20000000,33,67,27,38,31,3,2
8/24/2024,1676,34000000,15,43,21,24,5,17,3
8/26/2024,1677,44000000,69,68,23,2,4,15,3
8/28/2024,1678,54000000,33,5,50,47,64,20,2
8/31/2024,1679,69000000,4,34,69,38,35,19,2
9/2/2024,1680,80000000,8,46,48,53,42,22,3
9/4/2024,1681,93000000,7,33,59,10,21,20,3
9/7/2024,1682,112000000,63,55,34,37,14,20,2
9/9/2024,1683,121000000,21,60,47,1,16,5,3
9/11/2024,1684,134000000,55,67,10,12,65,3,3
9/14/2024,1685,152000000,34,48,56,29,38,16,2
9/16/2024,1686,165000000,31,9,11,8,27,17,5
9/18/2024,1687,176000000,1,22,68,47,11,7,4
9/21/2024,1688,195000000,21,45,17,37,19,14,2
9/23/2024,1689,208000000,37,21,15,25,45,19,3
9/25/2024,1690,223000000,26,46,45,52,2,21,2
9/28/2024,1691,243000000,11,24,13,39,3,22,3
9/30/2024,1692,258000000,69,30,11,9,43,20,2
10/2/2024,1693,275000000,37,21,2,43,1,21,3
10/5/2024,1694,295000000,2,46,12,52,65,3,2
10/7/2024,1695,315000000,31,63,52,18,30,22,2
10/9/2024,1696,336000000,32,43,66,53,25,10,3
10/12/2024,1697,364000000,20,41,57,14,5,6,3
10/14/2024,1698,388000000,14,33,64,67,18,14,2
10/16/2024,1699,408000000,44,39,4,60,30,11,2
10/19/2024,1700,437000000,45,7,19,16,64,25,3
10/21/2024,1701,456000000,25,57,62,64,1,15,2
10/23/2024,1702,478000000,2,29,15,27,39,20,2
10/26/2024,1703,20000000,51,45,12,40,8,15,2
10/28/2024,1704,28000000,21,27,67,48,32,17,2
10/30/2024,1705,39000000,13,29,43,58,22,22,3
11/2/2024,1706,54000000,58,61,45,48,10,2,3
11/4/2024,1707,63000000,48,53,6,33,18,21,10
11/6/2024,1708,75000000,37,17,12,62,58,4,2
11/9/2024,1709,92000000,24,56,50,11,66,16,2
11/11/2024,1710,103000000,46,24,21,34,3,9,3
11/13/2024,1711,113000000,58,20,43,9,26,9,2
11/16/2024,1712,130000000,38,25,22,21,32,16,5
11/18/2024,1713,144000000,69,52,27,31,41,26,3
11/20/2024,1714,155000000,62,30,60,64,16,25,3
11/23/2024,1715,171000000,13,67,12,34,44,8,3
11/25/2024,1716,184000000,5,35,63,60,45,12,2
11/27/2024,1717,196000000,13,7,6,1,40,5,5
11/30/2024,1718,214000000,4,29,24,39,63,25,4
12/2/2024,1719,224000000,26,61,9,3,67,13,2
12/4/2024,1720,240000000,28,61,23,25,1,13,2
12/7/2024,1721,260000000,57,43,31,55,1,22,2
12/9/2024,1722,20000000,45,35,37,51,40,24,2
12/11/2024,1723,30000000,50,13,44,52,54,20,2
12/14/2024,1724,45000000,12,52,17,23,67,1,2
12/16/2024,1725,55000000,33,57,9,61,30,17,2
12/18/2024,1726,69000000,15,18,6,33,49,7,2
12/21/2024,1727,88000000,21,1,17,12,58,1,3
12/23/2024,1728,103000000,22,57,42,64,44,18,2
12/25/2024,1729,117000000,30,26,15,35,27,3,3
12/28/2024,1730,145000000,55,6,31,51,54,12,2
12/30/2024,1731,163000000,39,9,38,19,33,1,3
1/1/2025,1732,178000000,66,6,28,12,35,26,3
1/4/2025,1733,200000000,43,54,56,26,32,24,2
1/6/2025,1734,220000000,17,34,46,67,66,14,2
1/8/2025,1735,240000000,43,20,1,36,38,24,2
1/11/2025,1736,263000000,32,65,6,3,37,4,3
1/13/2025,1737,285000000,4,6,66,16,39,9,2
1/15/2025,1738,303000000,41,58,52,53,8,7,3
1/18/2025,1739,331000000,35,14,69,31,64,23,2
1/20/2025,1740,20000000,54,32,15,47,16,6,3
1/22/2025,1741,31000000,40,6,49,27,5,5,2
1/25/2025,1742,46000000,8,17,15,53,66,14,3
1/27/2025,1743,56000000,2,47,55,40,53,20,2
1/29/2025,1744,69000000,38,31,12,8,33,18,3
2/1/2025,1745,89000000,32,29,49,23,61,8,2
2/3/2025,1746,100000000,37,60,47,12,54,17,3
2/5/2025,1747,113000000,19,62,50,30,27,14,3
2/8/2025,1748,133000000,60,62,23,57,44,9,2
2/10/2025,1749,142000000,43,18,29,17,2,3,3
2/12/2025,1750,154000000,49,32,21,45,36,18,2
2/15/2025,1751,172000000,45,3,56,54,16,12,2
2/17/2025,1752,183000000,52,4,47,44,57,9,4
2/19/2025,1753,195000000,60,21,49,28,6,20,2
2/22/2025,1754,215000000,22,65,18,50,7,15,2
2/24/2025,1755,230000000,68,59,10,34,11,14,3
2/26/2025,1756,248000000,48,28,55,60,62,20,2
3/1/2025,1757,272000000,36,2,49,23,44,25,3
3/3/2025,1758,279000000,18,50,52,56,20,20,2
3/5/2025,1759,295000000,40,24,28,65,63,20,3
3/8/2025,1760,320000000,23,2,16,63,4,13,3
3/10/2025,1761,335000000,17,47,55,50,40,6,2
3/12/2025,1762,353000000,58,11,28,51,13,1,2
3/15/2025,1763,378000000,54,12,33,36,28,5,3
3/17/2025,1764,398000000,60,18,38,23,11,9,2
3/19/2025,1765,416000000,59,21,49,11,8,15,2
3/22/2025,1766,444000000,57,7,25,46,6,12,3
3/24/2025,1767,461000000,36,6,47,35,23,12,2
3/26/2025,1768,484000000,53,39,29,20,5,6,3
3/29/2025,1769,515000000,21,7,11,61,53,2,3
3/31/2025,1770,20000000,64,12,41,44,52,25,2
4/2/2025,1771,30000000,17,5,64,41,69,1,2
4/5/2025,1772,47000000,23,30,46,4,62,2,4
4/7/2025,1773,54000000,66,23,59,48,20,4,2
4/9/2025,1774,65000000,4,55,37,29,67,10,4
4/12/2025,1775,82000000,53,44,16,22,45,19,2
4/14/2025,1776,100000000,52,62,20,3,30,1,3
4/16/2025,1777,113000000,49,20,42,43,24,19,3
4/19/2025,1778,131000000,63,37,7,39,25,1,3
4/21/2025,1779,139000000,51,33,46,4,45,25,3
4/23/2025,1780,151000000,44,69,66,15,63,20,2
4/26/2025,1781,168000000,1,12,69,18,14,2,3
4/28/2025,1782,20000000,51,26,56,43,60,24,4
4/30/2025,1783,30000000,3,57,1,2,59,9,2
5/3/2025,1784,44000000,10,65,23,21,35,24,2
5/5/2025,1785,54000000,34,16,40,45,66,19,2
5/7/2025,1786,65000000,30,40,59,14,15,20,3
5/10/2025,1787,82000000,5,39,28,20,42,13,2
5/12/2025,1788,93000000,15,48,16,41,60,21,3
5/14/2025,1789,106000000,29,24,4,53,10,4,3
5/17/2025,1790,123000000,42,52,7,34,40,15,2
5/19/2025,1791,134000000,14,13,50,60,37,11,2
5/21/2025,1792,146000000,29,9,31,34,43,2,2
5/24/2025,1793,163000000,48,28,18,52,12,5,3
5/26/2025,1794,177000000,47,67,13,64,52,25,2
5/28/2025,1795,189000000,27,23,32,35,59,11,2
5/31/2025,1796,207000000,56,37,29,1,68,13,2
6/2/2025,1797,20000000,7,1,61,57,44,21,3
6/4/2025,1798,30000000,17,35,45,5,23,24,10
6/7/2025,1799,44000000,36,43,31,62,48,25,2
6/9/2025,1800,54000000,43,33,30,52,40,25,4
6/11/2025,1801,65000000,25,53,13,37,29,3,2
6/14/2025,1802,80000000,4,59,23,9,6,25,3
6/16/2025,1803,90000000,27,21,17,23,52,19,5
6/18/2025,1804,101000000,50,64,23,29,67,11,2
6/21/2025,1805,118000000,52,32,62,3,16,24,3
6/23/2025,1806,128000000,42,25,44,65,5,20,3
6/25/2025,1807,140000000,37,61,12,2,51,22,3
6/28/2025,1808,155000000,4,43,62,52,35,12,2
6/30/2025,1809,162000000,52,13,28,55,44,6,4
7/2/2025,1810,174000000,7,21,19,63,54,21,2
7/5/2025,1811,190000000,58,50,1,28,34,8,2
7/7/2025,1812,203000000,69,61,33,58,35,25,5
7/9/2025,1813,216000000,25,9,69,28,5,5,2
7/12/2025,1814,234000000,16,8,54,33,24,18,2
7/14/2025,1815,248000000,63,12,8,45,46,24,2
7/16/2025,1816,264000000,43,21,49,4,48,22,2
7/19/2025,1817,288000000,28,69,48,61,51,20,3
7/21/2025,1818,308000000,33,28,42,11,8,2,2
7/23/2025,1819,325000000,19,35,2,25,18,25,3
7/26/2025,1820,350000000,57,8,67,65,31,23,3
7/28/2025,1821,364000000,35,36,62,7,43,3,3
7/30/2025,1822,384000000,15,64,35,50,4,8,4
8/2/2025,1823,410000000,36,34,35,6,18,2,2
8/4/2025,1824,426000000,9,31,38,19,8,21,2
8/6/2025,1825,449000000,15,27,45,53,43,9,2
8/9/2025,1826,482000000,23,24,60,7,14,14,2
8/11/2025,1827,501000000,40,6,16,33,62,2,2
8/13/2025,1828,526000000,11,4,50,40,44,4,3
8/16/2025,1829,565000000,40,23,49,65,69,23,3
8/18/2025,1830,605000000,63,15,64,61,46,1,3
8/20/2025,1831,643000000,68,31,65,59,62,5,2
8/23/2025,1832,700000000,34,14,11,47,51,18,2
8/25/2025,1833,750000000,19,64,34,16,37,22,3
8/27/2025,1834,850000000,9,12,22,61,41,25,4
8/30/2025,1835,1000000000,22,3,33,18,27,17,3
9/1/2025,1836,1100000000,25,23,8,40,53,5,3
9/3/2025,1837,1400000000,61,29,69,16,3,22,2
9/6/2025,1838,1800000000,61,23,62,44,11,17,2
9/8/2025,1839,20000000,53,28,41,26,64,9,3
9/10/2025,1840,33000000,24,2,64,45,53,5,2
9/13/2025,1841,50000000,50,53,28,37,42,19,2
9/15/2025,1842,64000000,42,32,49,15,14,1,2
9/17/2025,1843,81000000,30,50,54,62,7,20,2
9/20/2025,1844,99000000,67,64,15,29,66,4,2
9/22/2025,1845,113000000,46,59,3,29,42,15,3
9/24/2025,1846,127000000,53,49,31,45,15,19,3
9/27/2025,1847,145000000,61,32,16,10,66,4,2
9/29/2025,1848,160000000,27,65,60,1,3,16,5
10/1/2025,1849,174000000,28,8,17,55,22,14,3
10/4/2025,1850,195000000,67,7,3,47,68,2,2
10/6/2025,1851,207000000,29,32,67,66,28,3,2
10/8/2025,1852,223000000,10,44,54,48,8,14,2
10/11/2025,1853,244000000,13,27,16,18,20,10,2
10/13/2025,1854,258000000,14,52,64,32,13,12,2
10/15/2025,1855,273000000,47,28,10,34,13,15,3
10/18/2025,1856,295000000,11,27,58,40,3,10,3
10/20/2025,1857,304000000,32,38,69,66,67,19,2
10/22/2025,1858,320000000,18,52,54,60,37,12,2
10/25/2025,1859,344000000,39,2,12,22,67,15,2
10/27/2025,1860,358000000,39,17,43,51,66,20,2
10/29/2025,1861,376000000,60,65,49,4,24,1,2
11/1/2025,1862,400000000,62,26,44,43,2,22,2
11/3/2025,1863,419000000,43,3,32,57,40,18,2
11/5/2025,1864,438000000,61,17,29,66,9,26,5
11/8/2025,1865,467000000,53,3,68,60,62,11,2
11/10/2025,1866,490000000,58,28,44,48,6,23,2
11/12/2025,1867,512000000,43,51,29,65,39,23,2
11/15/2025,1868,546000000,7,6,47,53,12,21,4
11/17/2025,1869,570000000,50,33,66,57,7,23,5
11/19/2025,1870,593000000,10,51,31,49,68,19,2
11/22/2025,1871,629000000,69,32,36,51,28,2,2
11/24/2025,1872,654000000,30,26,8,16,58,14,2
11/26/2025,1873,681000000,15,19,28,7,8,3,3
11/29/2025,1874,719000000,30,19,32,59,22,1,2
12/1/2025,1875,740000000,18,5,26,59,47,1,3
12/3/2025,1876,775000000,46,1,14,20,51,26,3
12/6/2025,1877,820000000,13,26,28,14,44,7,2
12/8/2025,1878,875000000,64,8,52,56,32,23,2
12/10/2025,1879,930000000,10,29,69,16,33,22,3
12/13/2025,1880,1000000000,58,28,31,1,57,16,2
12/15/2025,1881,1100000000,59,68,63,23,35,2,4
12/17/2025,1882,1250000000,25,66,33,53,62,17,4
12/20/2025,1883,1500000000,28,5,52,69,4,20,3
12/22/2025,1884,1600000000,36,54,18,3,41,7,2
12/24/2025,1885,1700000000,25,59,4,52,31,19,2
12/27/2025,1886,20000000,62,5,34,39,20,1,2
12/29/2025,1887,33000000,11,19,34,53,48,21,2
12/31/2025,1888,45000000,21,11,38,24,18,26,10
1/3/2026,1889,64000000,60,53,18,21,40,23,3
1/5/2026,1890,86000000,51,4,56,18,24,14,2
1/7/2026,1891,105000000,57,28,15,58,63,23,2
1/10/2026,1892,124000000,5,64,19,28,21,14,3
1/12/2026,1893,137000000,5,45,59,27,56,4,2
1/14/2026,1894,156000000,24,6,51,43,39,2,2
1/17/2026,1895,179000000,57,8,5,49,27,14,4
1/19/2026,1896,193000000,5,55,34,28,37,17,3
1/21/2026,1897,209000000,11,27,55,53,26,12,2
1/24/2026,1898,20000000,2,63,16,61,35,5,3
1/26/2026,1899,30000000,31,60,21,63,51,18,2
1/28/2026,1900,43000000,21,35,68,40,46,11,10
1/31/2026,1901,57000000,2,40,14,63,8,23,3
2/2/2026,1902,65000000,60,65,3,8,31,4,2
2/4/2026,1903,80000000,37,30,29,27,58,15,2
2/7/2026,1904,102000000,42,36,25,51,58,6,2
2/9/2026,1905,113000000,22,19,28,6,48,24,5
2/11/2026,1906,126000000,33,40,20,6,48,5,2
2/14/2026,1907,146000000,58,60,64,43,23,24,2
2/16/2026,1908,154000000,18,58,16,19,56,6,3
2/18/2026,1909,169000000,9,64,52,66,33,1,2
2/21/2026,1910,190000000,36,49,28,48,27,21,4
2/23/2026,1911,203000000,29,11,5,23,47,6,2
2/25/2026,1912,218000000,50,54,56,52,64,23,2
2/28/2026,1913,238000000,54,65,20,35,6,10,4
3/2/2026,1914,249000000,18,17,38,62,2,20,2
3/4/2026,1915,20000000,14,47,42,7,56,6,4
3/7/2026,1916,35000000,17,68,30,18,50,24,3
3/9/2026,1917,46000000,22,54,23,28,36,13,3
3/11/2026,1918,58000000,58,63,6,55,3,12,2
3/14/2026,1919,75000000,50,9,42,30,52,21,3
3/16/2026,1920,88000000,10,20,7,52,47,20,2
3/18/2026,1921,101000000,18,69,14,19,21,1,3
3/21/2026,1922,120000000,12,59,36,28,41,2,2
3/23/2026,1923,133000000,63,56,18,12,47,1,10
3/25/2026,1924,147000000,7,56,21,64,55,26,4
3/28/2026,1925,166000000,61,42,11,43,59,25,4
3/30/2026,1926,180000000,7,57,11,31,41,20,2
4/1/2026,1927,194000000,11,10,52,64,4,24,3
4/4/2026,1928,217000000,13,65,41,6,3,1,4
4/6/2026,1929,231000000,42,57,24,37,7,5,2
4/8/2026,1930,20000000,42,3,52,16,17,3,2
4/11/2026,1931,35000000,49,47,60,6,53,6,2
4/13/2026,1932,45000000,38,43,64,59,63,15,3
4/15/2026,1933,58000000,21,13,27,43,45,26,5
4/18/2026,1934,75000000,39,25,24,46,61,1,5
4/20/2026,1935,87000000,17,47,9,64,36,26,3
4/22/2026,1936,100000000,49,63,32,24,29,11,2
4/25/2026,1937,118000000,36,30,57,52,4,2,3
4/27/2026,1938,130000000,18,31,36,33,62,3,3
4/29/2026,1939,143000000,51,19,3,67,35,15,2
5/2/2026,1940,20000000,25,65,52,37,42,14,3
5/4/2026,1941,20000000,30,42,60,63,36,13,2
5/6/2026,1942,30000000,51,65,18,27,68,5,3
5/9/2026,1943,47000000,41,15,47,46,56,22,2
5/11/2026,1944,57000000,64,24,56,37,30,7,2
5/13/2026,1945,69000000,67,22,52,56,31,15,2
5/16/2026,1946,86000000,44,37,65,40,8,18,3
5/18/2026,1947,100000000,13,4,34,61,65,12,2
5/20/2026,1948,113000000,10,57,46,30,28,25,3
5/23/2026,1949,131000000,4,16,41,48,66,26,2
5/25/2026,1950,142000000,32,60,17,48,64,10,2
5/27/2026,1951,155000000,5,21,51,31,14,13,4
5/30/2026,1952,170000000,52,44,35,1,27,12,2
6/1/2026,1953,181000000,47,42,57,2,58,14,3
6/3/2026,1954,194000000,38,14,16,64,55,12,3
6/6/2026,1955,212000000,64,16,59,55,32,3,3
6/8/2026,1956,225000000,34,43,49,24,3,20,3
6/10/2026,1957,238000000,12,66,38,60,31,14,2
6/13/2026,1958,258000000,50,13,44,3,53,2,4
6/15/2026,1959,269000000,62,55,60,57,25,23,2
6/17/2026,1960,283000000,49,53,3,26,61,12,2
